Codigo_Articulo,Sucursal,Cantidad
7278,1,6545.0
7278,2,35.0
7278,3,218.0
7278,5,24.0
7278,7,38.0
7278,9,3.0
7278,10,71.0
7278,11,53.0
7278,12,23.0
7278,13,60.0
7278,18,36.0
7278,19,9.0
7278,20,109.0
7278,21,83.0
7278,22,64.0
7278,23,46.0
7278,25,94.0
7278,27,38.0
7278,28,107.0
7278,30,36.0
7278,31,51.0
7278,32,68.0
7278,33,38.0
7278,36,64.0
7278,37,69.0
7278,38,17.0
7278,42,97.0
7278,44,51.0
7278,45,17.0
7278,46,67.0
7278,47,115.0
7278,48,142.0
7278,49,24.0
7278,60,36.0
7278,64,52.0
7278,66,41.0
7278,69,8.0
7278,79,70.0
7360,1,31.0
7360,2,22.0
7360,3,46.0
7360,5,52.0
7360,7,14.0
7360,9,24.0
7360,10,48.0
7360,11,96.0
7360,12,21.0
7360,13,14.0
7360,18,32.0
7360,19,38.0
7360,20,87.0
7360,21,26.0
7360,22,54.0
7360,23,9.0
7360,25,21.0
7360,27,24.0
7360,28,27.0
7360,30,25.0
7360,31,76.0
7360,32,97.0
7360,33,25.0
7360,36,77.0
7360,37,13.0
7360,38,34.0
7360,42,25.0
7360,44,37.0
7360,45,5.0
7360,46,17.0
7360,47,24.0
7360,48,58.0
7360,62,12.0
7360,64,36.0
7360,66,26.0
7360,70,11.0
7360,71,5.0
7360,74,8.0
7360,78,10.0
7360,79,59.0
7360,87,10.0
15483,2,5.0
16058,1,71.0
16058,2,35.0
16058,3,0.0
16058,5,100.0
16058,7,106.0
16058,9,5.0
16058,10,14.0
16058,11,81.0
16058,12,43.0
16058,13,46.0
16058,18,0.0
16058,19,30.0
16058,20,221.0
16058,21,45.0
16058,22,252.0
16058,23,558.0
16058,25,57.0
16058,27,0.0
16058,28,92.0
16058,30,92.0
16058,31,92.0
16058,32,323.0
16058,33,66.0
16058,36,25.0
16058,37,22.0
16058,38,31.0
16058,42,159.0
16058,44,163.0
16058,45,46.0
16058,46,80.0
16058,47,0.0
16058,48,23.0
16058,49,138.0
16058,60,192.0
16058,61,44.0
16058,62,1.0
16058,64,323.0
16058,66,11.0
16058,67,36.0
16058,69,126.0
16058,70,36.0
16058,71,57.0
16058,74,64.0
16058,75,85.0
16058,76,51.0
16058,78,46.5
16058,79,119.0
16058,87,33.0
16293,1,2021.0
16293,2,885.0
16293,3,1055.0
16293,5,1160.0
16293,7,630.0
16293,9,940.0
16293,10,746.0
16293,11,1134.0
16293,12,2505.0
16293,13,798.0
16293,18,1162.0
16293,19,626.0
16293,20,1330.0
16293,21,492.0
16293,22,1093.0
16293,23,309.0
16293,25,1227.0
16293,26,114.0
16293,27,1513.0
16293,28,700.0
16293,30,921.0
16293,31,656.0
16293,32,839.0
16293,33,436.0
16293,36,1693.0
16293,37,617.0
16293,38,423.0
16293,42,609.0
16293,44,364.0
16293,45,1693.0
16293,46,291.0
16293,47,511.0
16293,48,1858.0
16293,49,428.0
16293,60,439.0
16293,61,144.0
16293,62,233.0
16293,64,456.0
16293,66,512.0
16293,67,114.0
16293,68,62.0
16293,69,155.0
16293,70,61.0
16293,71,104.0
16293,73,78.0
16293,74,483.0
16293,75,213.0
16293,76,262.0
16293,78,634.29
16293,79,1239.0
16293,86,309.0
16293,87,287.0
16293,100,88.0
16376,1,1079.0
16376,2,349.0
16376,3,617.0
16376,5,665.0
16376,7,187.0
16376,9,226.0
16376,10,495.0
16376,11,437.0
16376,12,1049.0
16376,13,604.0
16376,18,1213.0
16376,19,660.0
16376,20,958.0
16376,21,374.0
16376,22,610.0
16376,23,373.0
16376,25,598.0
16376,27,538.0
16376,28,464.0
16376,30,327.0
16376,31,198.0
16376,32,238.0
16376,33,394.0
16376,36,807.0
16376,37,479.0
16376,38,211.0
16376,42,525.0
16376,44,436.0
16376,45,716.0
16376,46,260.0
16376,47,243.0
16376,48,1255.0
16376,49,367.0
16376,60,387.0
16376,61,159.0
16376,62,195.0
16376,64,469.0
16376,66,264.0
16376,67,108.0
16376,68,390.0
16376,69,149.0
16376,70,82.0
16376,71,123.0
16376,73,135.0
16376,74,553.0
16376,75,239.0
16376,76,235.0
16376,78,425.71
16376,79,823.0
16376,86,238.0
16376,87,211.0
16376,100,81.0
16376,302,240.0
16376,303,300.0
16442,1,520.0
16442,2,215.0
16442,3,364.0
16442,5,101.0
16442,7,113.0
16442,9,137.0
16442,10,186.0
16442,11,143.0
16442,12,85.0
16442,13,173.0
16442,18,139.0
16442,19,212.0
16442,20,491.0
16442,21,270.0
16442,22,176.0
16442,23,254.0
16442,25,151.0
16442,26,2972.0
16442,27,70.0
16442,28,288.0
16442,30,144.0
16442,31,87.0
16442,32,231.0
16442,33,109.0
16442,36,137.0
16442,37,229.0
16442,38,203.0
16442,42,250.0
16442,44,262.0
16442,45,157.0
16442,46,112.0
16442,47,56.0
16442,48,479.0
16442,49,80.0
16442,60,76.0
16442,61,58.0
16442,62,61.0
16442,64,282.0
16442,66,155.0
16442,67,123.0
16442,68,44.0
16442,69,54.0
16442,70,228.0
16442,71,35.0
16442,73,17.0
16442,74,66.0
16442,75,42.0
16442,76,49.0
16442,78,50.0
16442,79,360.0
16442,86,5.0
16442,87,168.0
16442,100,8.0
16458,16,10.34
16550,2,109.0
16550,3,132.0
16550,5,36.0
16550,7,33.0
16550,9,130.0
16550,12,33.0
16550,13,29.0
16550,18,46.0
16550,19,99.0
16550,21,40.0
16550,23,49.0
16550,27,66.0
16550,31,26.0
16550,33,61.0
16550,36,40.0
16550,38,96.0
16550,45,22.0
16550,47,27.0
16550,49,29.0
16550,64,66.0
16550,66,22.0
16550,68,7.0
16550,69,26.0
16550,76,5.0
16713,1,86.0
16713,2,48.0
16713,3,66.0
16713,5,66.0
16713,7,32.0
16713,10,33.0
16713,11,80.0
16713,12,59.0
16713,13,55.0
16713,18,20.0
16713,19,27.0
16713,20,74.0
16713,22,19.0
16713,23,47.0
16713,25,29.0
16713,27,34.0
16713,28,37.0
16713,30,41.0
16713,31,14.0
16713,32,97.0
16713,33,40.0
16713,36,15.0
16713,37,67.0
16713,38,34.0
16713,42,42.0
16713,44,107.0
16713,46,30.0
16713,47,30.0
16713,48,86.0
16713,64,27.0
16713,66,86.0
16713,79,92.0
16722,1,255.0
16722,2,229.0
16722,3,126.0
16722,5,129.0
16722,7,163.0
16722,9,120.0
16722,10,132.0
16722,11,170.0
16722,12,128.0
16722,13,83.0
16722,18,134.0
16722,19,55.0
16722,20,214.0
16722,21,65.0
16722,22,88.0
16722,23,60.0
16722,25,177.0
16722,27,81.0
16722,28,80.0
16722,30,104.0
16722,31,50.0
16722,32,94.0
16722,33,79.0
16722,36,96.0
16722,37,94.0
16722,38,80.0
16722,42,75.0
16722,44,123.0
16722,45,40.0
16722,46,35.0
16722,47,36.0
16722,48,147.0
16722,49,32.0
16722,60,91.0
16722,61,58.0
16722,62,28.0
16722,64,104.0
16722,66,96.0
16722,67,34.0
16722,68,40.0
16722,69,21.0
16722,70,42.0
16722,71,35.0
16722,73,15.0
16722,74,31.0
16722,75,48.0
16722,76,15.0
16722,78,231.43
16722,79,206.0
16722,86,32.0
16722,87,47.0
16722,100,14.0
16759,1,523.0
16759,2,103.0
16759,3,63.0
16759,5,265.0
16759,7,247.0
16759,9,283.0
16759,10,96.0
16759,11,77.0
16759,12,155.0
16759,13,354.0
16759,18,155.0
16759,19,95.0
16759,20,250.0
16759,21,58.0
16759,22,108.0
16759,23,157.0
16759,25,203.0
16759,26,72.0
16759,27,57.0
16759,28,164.0
16759,30,51.0
16759,31,62.0
16759,32,19.0
16759,33,40.0
16759,36,17.0
16759,37,52.0
16759,38,49.0
16759,42,38.0
16759,44,84.0
16759,45,73.0
16759,46,29.0
16759,47,28.0
16759,48,99.0
16759,49,25.0
16759,60,68.0
16759,61,37.0
16759,62,25.0
16759,64,41.0
16759,66,131.0
16759,67,47.0
16759,68,22.0
16759,69,17.0
16759,70,23.0
16759,71,19.0
16759,73,14.0
16759,74,36.0
16759,75,43.0
16759,76,26.0
16759,78,43.5
16759,79,216.0
16759,86,5.0
16759,87,45.0
16759,100,13.0
16760,1,154.0
16760,2,69.0
16760,3,111.0
16760,5,70.0
16760,7,44.0
16760,9,34.0
16760,10,20.0
16760,11,22.0
16760,12,20.0
16760,13,55.0
16760,18,35.0
16760,19,45.0
16760,20,87.0
16760,21,45.0
16760,22,31.0
16760,23,7.0
16760,25,31.0
16760,26,12.0
16760,27,16.0
16760,28,63.0
16760,30,38.0
16760,31,1.0
16760,32,15.0
16760,33,11.0
16760,36,8.0
16760,37,1.0
16760,38,37.0
16760,42,23.0
16760,44,67.0
16760,45,37.0
16760,46,14.0
16760,47,16.0
16760,48,46.0
16760,49,22.0
16760,60,28.0
16760,61,16.0
16760,62,23.0
16760,64,44.0
16760,66,152.0
16760,67,10.0
16760,68,16.0
16760,69,12.0
16760,70,12.0
16760,73,8.0
16760,74,25.0
16760,75,18.0
16760,76,11.0
16760,78,85.5
16760,79,147.0
16760,86,2.0
16760,87,10.0
16760,100,7.0
16760,303,30.0
16784,1,3833.0
16784,2,63.0
16784,3,129.0
16784,5,14.0
16784,7,18.0
16784,9,96.0
16784,10,46.0
16784,11,85.0
16784,12,63.0
16784,13,37.0
16784,18,45.0
16784,19,58.0
16784,20,91.0
16784,21,48.0
16784,22,68.0
16784,23,38.0
16784,25,61.0
16784,27,39.0
16784,28,92.0
16784,30,75.0
16784,31,15.0
16784,32,91.0
16784,33,17.0
16784,36,52.0
16784,37,76.0
16784,38,46.0
16784,42,34.0
16784,45,22.0
16784,46,20.0
16784,47,41.0
16784,48,105.0
16784,49,32.0
16784,60,52.0
16784,61,30.0
16784,62,24.0
16784,64,36.0
16784,66,142.0
16784,67,32.0
16784,68,21.0
16784,69,13.0
16784,70,29.0
16784,71,26.0
16784,73,5.0
16784,74,21.0
16784,75,40.0
16784,76,17.0
16784,78,70.0
16784,79,86.0
16784,86,17.0
16784,100,13.0
16785,1,606.0
16785,2,88.0
16785,3,83.0
16785,5,43.0
16785,7,27.0
16785,9,38.0
16785,10,12.0
16785,11,32.0
16785,12,21.0
16785,13,52.0
16785,18,30.0
16785,19,37.0
16785,20,68.0
16785,21,101.0
16785,22,26.0
16785,23,8.0
16785,25,11.0
16785,27,19.0
16785,28,90.0
16785,30,73.0
16785,31,19.0
16785,32,28.0
16785,33,21.0
16785,36,37.0
16785,37,138.0
16785,38,51.0
16785,42,63.0
16785,44,80.0
16785,45,38.0
16785,46,48.0
16785,47,17.0
16785,48,311.0
16785,49,10.0
16785,60,19.0
16785,61,20.0
16785,62,6.0
16785,64,38.0
16785,66,36.0
16785,67,30.0
16785,68,13.0
16785,69,13.0
16785,70,28.0
16785,71,30.0
16785,73,5.0
16785,74,7.0
16785,75,44.0
16785,76,8.0
16785,78,63.0
16785,79,47.0
16785,86,3.0
16785,87,33.0
16785,100,4.0
16786,1,1636.0
16786,2,118.0
16786,3,147.0
16786,5,54.0
16786,7,39.0
16786,9,72.0
16786,10,88.0
16786,11,73.0
16786,12,50.0
16786,13,72.0
16786,18,38.0
16786,19,88.0
16786,20,180.0
16786,21,73.0
16786,22,94.0
16786,23,58.0
16786,25,59.0
16786,26,4.0
16786,27,42.0
16786,28,131.0
16786,30,18.0
16786,31,19.0
16786,32,40.0
16786,33,32.0
16786,36,66.0
16786,37,164.0
16786,38,73.0
16786,42,48.0
16786,44,51.0
16786,45,67.0
16786,46,88.0
16786,47,49.0
16786,48,311.0
16786,49,34.0
16786,60,49.0
16786,61,23.0
16786,62,14.0
16786,64,78.0
16786,66,79.0
16786,67,51.0
16786,68,10.0
16786,69,20.0
16786,70,20.0
16786,71,25.0
16786,73,8.0
16786,74,25.0
16786,75,20.0
16786,76,16.0
16786,78,28.12
16786,79,200.0
16786,86,7.0
16786,87,24.0
16786,100,1.0
16868,1,139.0
16868,2,98.0
16868,3,56.0
16868,5,28.0
16868,7,22.0
16868,9,28.0
16868,10,46.0
16868,11,8.0
16868,12,14.0
16868,13,12.0
16868,18,25.0
16868,19,56.0
16868,20,104.0
16868,21,93.0
16868,22,21.0
16868,23,26.0
16868,25,31.0
16868,27,23.0
16868,28,134.0
16868,30,35.0
16868,31,17.0
16868,32,65.0
16868,33,31.0
16868,36,33.0
16868,37,126.0
16868,38,31.0
16868,42,67.0
16868,44,38.0
16868,45,15.0
16868,46,73.0
16868,47,20.0
16868,48,165.0
16868,49,18.0
16868,60,21.0
16868,61,14.0
16868,62,14.0
16868,64,35.0
16868,66,60.0
16868,67,47.0
16868,68,10.0
16868,69,23.0
16868,70,21.0
16868,71,26.0
16868,73,15.0
16868,74,19.0
16868,75,28.0
16868,76,8.0
16868,78,33.33
16868,79,88.0
16868,86,9.0
16868,87,21.0
16868,100,9.0
16868,302,30.0
16880,1,487.0
16880,2,31.0
16880,3,287.0
16880,5,33.0
16880,7,94.0
16880,9,132.0
16880,10,39.0
16880,11,96.0
16880,12,74.0
16880,13,190.0
16880,18,149.0
16880,19,209.0
16880,20,180.0
16880,21,203.0
16880,22,83.0
16880,23,94.0
16880,25,104.0
16880,27,56.0
16880,28,184.0
16880,30,131.0
16880,31,57.0
16880,32,79.0
16880,33,108.0
16880,36,59.0
16880,37,305.0
16880,38,160.0
16880,42,100.0
16880,44,110.0
16880,45,48.0
16880,46,129.0
16880,47,46.0
16880,48,311.0
16880,49,65.0
16880,60,56.0
16880,61,37.0
16880,62,52.0
16880,64,68.0
16880,66,181.0
16880,67,33.0
16880,68,124.0
16880,69,32.0
16880,70,72.0
16880,71,81.0
16880,73,20.0
16880,74,60.0
16880,75,25.0
16880,76,36.0
16880,78,188.82
16880,79,257.0
16880,86,19.0
16880,87,92.0
16880,100,19.0
16881,1,717.0
16881,2,75.0
16881,3,188.0
16881,5,97.0
16881,7,179.0
16881,9,220.0
16881,10,142.0
16881,11,63.0
16881,12,109.0
16881,13,131.0
16881,18,113.0
16881,19,264.0
16881,20,335.0
16881,21,237.0
16881,22,129.0
16881,23,167.0
16881,25,165.0
16881,27,51.0
16881,28,178.0
16881,30,183.0
16881,31,88.0
16881,32,233.0
16881,33,102.0
16881,36,103.0
16881,37,253.0
16881,38,185.0
16881,42,151.0
16881,44,126.0
16881,45,62.0
16881,46,110.0
16881,47,89.0
16881,48,12.0
16881,49,86.0
16881,60,109.0
16881,61,104.0
16881,62,58.0
16881,64,101.0
16881,66,264.0
16881,67,71.0
16881,68,232.0
16881,69,40.0
16881,70,100.0
16881,71,102.0
16881,73,18.0
16881,74,55.0
16881,75,81.0
16881,76,22.0
16881,78,160.5
16881,79,365.0
16881,86,21.0
16881,87,87.0
16881,100,20.0
16881,303,60.0
16882,1,169.0
16882,2,48.0
16882,3,120.0
16882,5,45.0
16882,7,49.0
16882,10,43.0
16882,11,26.0
16882,12,65.0
16882,13,77.0
16882,18,69.0
16882,19,115.0
16882,20,141.0
16882,21,122.0
16882,22,78.0
16882,23,42.0
16882,25,40.0
16882,27,23.0
16882,28,253.0
16882,30,59.0
16882,31,30.0
16882,32,43.0
16882,33,70.0
16882,36,37.0
16882,37,85.0
16882,38,66.0
16882,42,70.0
16882,44,41.0
16882,46,119.0
16882,47,47.0
16882,48,180.0
16882,61,25.0
16882,64,63.0
16882,66,20.0
16882,67,28.0
16882,68,27.0
16882,70,24.0
16882,71,54.0
16882,75,43.0
16882,79,207.0
16882,87,41.0
16882,100,13.0
16882,303,30.0
16885,302,90.0
16885,303,60.0
16889,1,1148.0
16889,2,428.0
16889,3,545.0
16889,5,335.0
16889,7,228.0
16889,9,254.0
16889,10,301.0
16889,11,571.0
16889,12,172.0
16889,13,291.0
16889,18,284.0
16889,19,289.0
16889,20,723.0
16889,21,157.0
16889,22,256.0
16889,23,63.0
16889,25,379.0
16889,26,212.0
16889,27,183.0
16889,28,324.0
16889,30,99.0
16889,31,148.0
16889,32,342.0
16889,33,174.0
16889,36,873.0
16889,37,202.0
16889,38,126.0
16889,42,138.0
16889,44,235.0
16889,45,111.0
16889,46,356.0
16889,47,421.0
16889,48,265.0
16889,49,160.0
16889,60,136.0
16889,61,72.0
16889,62,52.0
16889,64,293.0
16889,66,414.0
16889,67,150.0
16889,68,51.0
16889,69,73.0
16889,70,61.0
16889,71,110.0
16889,73,6.0
16889,74,81.0
16889,75,201.0
16889,76,37.0
16889,78,64.29
16889,79,286.0
16889,86,23.0
16889,87,57.0
16889,100,14.0
16889,302,30.0
16948,1,467.0
16948,2,137.0
16948,3,81.0
16948,5,62.0
16948,7,105.0
16948,9,19.0
16948,10,70.0
16948,11,31.0
16948,12,60.0
16948,13,59.0
16948,18,143.0
16948,19,75.0
16948,20,146.0
16948,21,107.0
16948,22,104.0
16948,23,58.0
16948,25,59.0
16948,27,74.0
16948,28,27.0
16948,30,120.0
16948,31,171.0
16948,32,92.0
16948,33,129.0
16948,36,54.0
16948,37,285.0
16948,38,165.0
16948,44,207.0
16948,45,54.0
16948,46,265.0
16948,47,97.0
16948,48,3.0
16948,49,115.0
16948,60,144.0
16948,62,35.0
16948,64,60.0
16948,66,35.0
16948,69,38.0
16948,74,41.0
16948,76,66.0
16948,78,24.0
16948,79,258.0
16948,87,96.0
17147,1,55.0
17147,2,49.0
17147,3,37.0
17147,5,7.0
17147,7,11.0
17147,10,17.0
17147,11,29.0
17147,12,25.0
17147,13,13.0
17147,18,17.0
17147,19,55.0
17147,20,46.0
17147,21,48.0
17147,22,7.0
17147,23,10.0
17147,25,5.0
17147,27,17.0
17147,28,50.0
17147,30,52.0
17147,31,12.0
17147,32,25.0
17147,33,7.0
17147,36,33.0
17147,37,106.0
17147,38,22.0
17147,42,44.0
17147,44,46.0
17147,45,13.0
17147,46,49.0
17147,47,17.0
17147,48,25.0
17147,64,25.0
17147,66,9.0
17147,67,16.0
17147,71,25.0
17147,75,24.0
17147,79,11.0
17147,87,28.0
17147,100,2.0
17151,1,4.0
17151,3,11.0
17151,5,4.0
17151,7,3.0
17151,13,7.0
17151,20,4.0
17151,21,9.0
17151,28,7.0
17151,30,16.0
17151,37,1.0
17151,38,12.0
17151,42,23.0
17151,48,2.0
17332,1,38.0
17332,2,12.0
17332,3,28.0
17332,5,13.0
17332,7,4.0
17332,10,7.0
17332,11,6.0
17332,12,5.0
17332,13,17.0
17332,18,6.0
17332,19,7.0
17332,20,15.0
17332,21,22.0
17332,22,2.0
17332,23,13.0
17332,25,12.0
17332,27,10.0
17332,28,35.0
17332,30,12.0
17332,31,5.0
17332,32,11.0
17332,33,4.0
17332,36,8.0
17332,37,12.0
17332,38,21.0
17332,42,20.0
17332,44,24.0
17332,45,2.0
17332,46,11.0
17332,47,7.0
17332,48,25.0
17332,61,3.0
17332,64,10.0
17332,66,11.0
17332,67,9.0
17332,68,1.0
17332,70,6.0
17332,71,8.0
17332,75,13.0
17332,79,10.0
17332,87,17.0
17335,1,6.0
17335,2,3.0
17335,3,3.0
17335,5,6.0
17335,7,6.0
17335,9,5.0
17335,10,7.0
17335,11,3.0
17335,12,7.0
17335,13,10.0
17335,18,11.0
17335,19,4.0
17335,20,6.0
17335,21,2.0
17335,22,4.0
17335,23,2.0
17335,25,7.0
17335,27,2.0
17335,28,2.0
17335,30,2.0
17335,31,5.0
17335,32,4.0
17335,33,3.0
17335,36,2.0
17335,37,2.0
17335,38,8.0
17335,42,8.0
17335,44,8.0
17335,45,3.0
17335,46,4.0
17335,47,7.0
17335,48,8.0
17335,49,4.0
17335,64,6.0
17335,66,2.0
17335,68,3.0
17335,79,1.0
17335,87,8.0
17918,1,26.0
17918,2,4.0
17918,3,7.0
17918,5,1.0
17918,7,17.0
17918,10,4.0
17918,11,12.0
17918,12,4.0
17918,13,4.0
17918,18,2.0
17918,19,5.0
17918,20,2.0
17918,21,18.0
17918,22,3.0
17918,23,2.0
17918,25,3.0
17918,27,6.0
17918,28,21.0
17918,30,2.0
17918,31,7.0
17918,32,8.0
17918,36,2.0
17918,37,1.0
17918,38,6.0
17918,42,5.0
17918,44,8.0
17918,45,12.0
17918,46,15.0
17918,47,2.0
17918,48,16.0
17918,49,1.0
17918,60,9.0
17918,61,9.0
17918,62,2.0
17918,64,4.0
17918,66,4.0
17918,67,4.0
17918,68,10.0
17918,69,4.0
17918,70,2.0
17918,71,5.0
17918,73,1.0
17918,74,12.0
17918,75,5.0
17918,76,3.0
17918,79,8.0
17918,86,4.0
17918,87,22.0
17918,100,3.0
17919,1,189.0
17919,2,156.0
17919,3,100.0
17919,5,113.0
17919,7,174.0
17919,9,33.0
17919,10,59.0
17919,11,84.0
17919,12,45.0
17919,13,201.0
17919,18,58.0
17919,19,42.0
17919,20,247.0
17919,21,37.0
17919,22,93.0
17919,23,8.0
17919,25,78.0
17919,27,75.0
17919,28,41.0
17919,30,22.0
17919,31,28.0
17919,32,61.0
17919,33,43.0
17919,36,95.0
17919,37,33.0
17919,38,227.0
17919,42,25.0
17919,44,56.0
17919,45,47.0
17919,46,62.0
17919,47,68.0
17919,48,164.0
17919,49,61.0
17919,60,9.0
17919,61,4.0
17919,62,15.0
17919,64,146.0
17919,66,107.0
17919,67,21.0
17919,68,5.0
17919,69,41.0
17919,70,5.0
17919,71,15.0
17919,73,180.0
17919,74,16.0
17919,75,6.0
17919,76,24.0
17919,78,66.0
17919,79,99.0
17919,86,18.0
17919,87,88.0
17919,100,11.0
17920,1,14.0
17920,2,6.0
17920,3,4.0
17920,5,6.0
17920,7,4.0
17920,9,15.0
17920,10,2.0
17920,11,9.0
17920,12,6.0
17920,13,5.0
17920,18,3.0
17920,19,16.0
17920,20,9.0
17920,21,7.0
17920,22,2.0
17920,23,4.0
17920,25,0.0
17920,27,2.0
17920,28,9.0
17920,30,9.0
17920,31,4.0
17920,32,3.0
17920,33,3.0
17920,36,5.0
17920,37,8.0
17920,38,3.0
17920,42,11.0
17920,44,31.0
17920,45,4.0
17920,46,8.0
17920,47,5.0
17920,48,15.0
17920,49,4.0
17920,60,6.0
17920,62,2.0
17920,64,6.0
17920,66,4.0
17920,68,2.0
17920,69,1.0
17920,70,2.0
17920,71,8.0
17920,73,1.0
17920,74,4.0
17920,75,6.0
17920,76,2.0
17920,79,10.0
17920,86,2.0
17920,87,4.0
17920,100,2.0
17921,1,818.0
17921,2,186.0
17921,3,378.0
17921,5,261.0
17921,7,188.0
17921,9,181.0
17921,10,128.0
17921,11,275.0
17921,12,91.0
17921,13,162.0
17921,18,264.0
17921,19,135.0
17921,20,462.0
17921,21,300.0
17921,22,238.0
17921,23,137.0
17921,25,172.0
17921,26,139.0
17921,27,130.0
17921,28,412.0
17921,30,255.0
17921,31,175.0
17921,32,348.0
17921,33,262.0
17921,36,249.0
17921,37,43.0
17921,38,221.0
17921,42,164.0
17921,44,323.0
17921,45,116.0
17921,46,111.0
17921,47,114.0
17921,48,393.0
17921,49,140.0
17921,60,90.0
17921,61,27.0
17921,62,113.0
17921,64,179.0
17921,66,329.0
17921,67,12.0
17921,68,71.0
17921,69,55.0
17921,70,19.0
17921,71,94.0
17921,73,67.0
17921,74,106.0
17921,75,31.0
17921,76,51.0
17921,78,607.5
17921,79,472.0
17921,86,14.0
17921,87,92.0
17921,100,8.0
17921,303,120.0
18165,1,561.0
18165,2,671.0
18165,3,154.0
18165,5,343.0
18165,7,280.0
18165,9,545.0
18165,10,889.0
18165,11,384.0
18165,12,108.0
18165,13,194.0
18165,18,409.0
18165,19,67.0
18165,20,295.0
18165,21,232.0
18165,22,177.0
18165,23,126.0
18165,25,105.0
18165,26,330.0
18165,27,733.0
18165,28,111.0
18165,30,196.0
18165,31,211.0
18165,32,405.0
18165,33,264.0
18165,36,316.0
18165,37,44.0
18165,38,39.0
18165,42,69.0
18165,44,61.0
18165,45,392.0
18165,46,110.0
18165,47,96.0
18165,48,14.0
18165,49,58.0
18165,60,80.0
18165,61,27.0
18165,62,21.0
18165,64,336.0
18165,66,127.0
18165,67,12.0
18165,68,17.0
18165,69,29.0
18165,70,28.0
18165,71,19.0
18165,73,41.0
18165,74,46.0
18165,75,47.0
18165,76,23.0
18165,78,25.71
18165,79,342.0
18165,86,13.0
18165,87,35.0
18165,100,22.0
18168,1,482.0
18168,2,564.0
18168,3,287.0
18168,5,237.0
18168,7,140.0
18168,9,305.0
18168,10,143.0
18168,11,205.0
18168,12,332.0
18168,13,120.0
18168,18,287.0
18168,19,77.0
18168,20,237.0
18168,21,8.0
18168,22,204.0
18168,23,118.0
18168,25,390.0
18168,26,288.0
18168,27,257.0
18168,28,159.0
18168,30,25.0
18168,31,115.0
18168,32,215.0
18168,33,87.0
18168,36,458.0
18168,37,10.0
18168,38,13.0
18168,42,52.0
18168,44,15.0
18168,45,396.0
18168,46,118.0
18168,47,57.0
18168,48,19.0
18168,49,19.0
18168,60,67.0
18168,62,31.0
18168,64,116.0
18168,66,301.0
18168,68,7.0
18168,69,2.0
18168,73,11.0
18168,74,39.0
18168,76,6.0
18168,78,54.29
18168,79,735.0
18168,86,20.0
18168,87,10.0
18168,100,4.0
18175,1,52.0
18175,2,1160.0
18175,3,82.0
18175,5,27.0
18175,7,32.0
18175,9,17.0
18175,10,19.0
18175,11,21.0
18175,12,26.0
18175,13,9.0
18175,18,49.0
18175,19,68.0
18175,20,47.0
18175,21,27.0
18175,22,11.0
18175,23,52.0
18175,25,49.0
18175,26,147.0
18175,27,10.0
18175,28,100.0
18175,30,58.0
18175,31,14.0
18175,32,38.0
18175,33,10.0
18175,36,34.0
18175,37,65.0
18175,38,12.0
18175,42,19.0
18175,44,56.0
18175,45,44.0
18175,46,55.0
18175,47,34.0
18175,48,53.0
18175,49,6.0
18175,60,8.0
18175,61,13.0
18175,62,5.0
18175,64,21.0
18175,66,16.0
18175,67,19.0
18175,68,10.0
18175,69,8.0
18175,70,22.0
18175,71,54.0
18175,73,8.0
18175,74,4.0
18175,75,33.0
18175,76,7.0
18175,78,21.0
18175,79,81.0
18175,86,6.0
18175,87,47.0
18175,100,6.0
18175,302,30.0
18177,1,60.0
18177,2,47.0
18177,3,14.0
18177,5,14.0
18177,7,40.0
18177,9,6.0
18177,10,15.0
18177,11,12.0
18177,12,15.0
18177,13,4.0
18177,18,16.0
18177,19,14.0
18177,20,20.0
18177,21,18.0
18177,22,3.0
18177,23,12.0
18177,25,26.0
18177,26,4.0
18177,27,10.0
18177,28,21.0
18177,30,17.0
18177,31,1.0
18177,32,21.0
18177,33,9.0
18177,36,29.0
18177,37,26.0
18177,38,7.0
18177,42,6.0
18177,44,36.0
18177,45,7.0
18177,46,52.0
18177,47,3.0
18177,48,22.0
18177,64,15.0
18177,66,3.0
18177,70,5.0
18177,79,23.0
18177,87,14.0
18181,9,60.0
18181,23,36.0
18181,27,15.0
18181,28,46.0
18181,45,44.0
18181,46,25.0
18181,71,25.0
18181,75,11.0
18181,86,10.0
18181,303,150.0
21637,1,43.0
21637,2,21.0
21637,3,29.0
21637,5,14.0
21637,7,17.0
21637,9,45.0
21637,11,9.0
21637,12,12.0
21637,13,23.0
21637,18,12.0
21637,19,48.0
21637,20,17.0
21637,21,30.0
21637,22,13.0
21637,23,28.0
21637,25,4.0
21637,27,11.0
21637,28,24.0
21637,30,36.0
21637,31,6.0
21637,32,8.0
21637,33,6.0
21637,36,9.0
21637,37,1.0
21637,42,29.0
21637,44,57.0
21637,45,4.0
21637,46,9.0
21637,48,24.0
21637,64,21.0
21637,66,15.0
21637,69,6.0
21637,71,18.0
21637,73,10.0
21637,86,5.0
21637,87,12.0
22014,1,289.0
22014,2,268.0
22014,3,514.0
22014,5,142.0
22014,7,125.0
22014,9,100.0
22014,10,43.0
22014,11,112.0
22014,12,30.0
22014,13,59.0
22014,18,404.0
22014,19,327.0
22014,20,118.0
22014,21,167.0
22014,22,28.0
22014,23,165.0
22014,25,101.0
22014,26,5317.0
22014,27,47.0
22014,28,302.0
22014,30,146.0
22014,31,39.0
22014,32,110.0
22014,33,23.0
22014,36,4306.0
22014,37,169.0
22014,38,37.0
22014,42,189.0
22014,44,99.0
22014,45,76.0
22014,46,259.0
22014,47,52.0
22014,48,165.0
22014,49,62.0
22014,60,63.0
22014,61,1.0
22014,62,20.0
22014,64,31.0
22014,66,40.0
22014,67,57.0
22014,68,236.0
22014,69,21.0
22014,70,66.0
22014,71,84.0
22014,73,12.0
22014,74,73.0
22014,75,103.0
22014,76,17.0
22014,78,157.14
22014,79,168.0
22014,86,28.0
22014,87,30.0
22014,100,21.0
22015,1,232.0
22015,2,84.0
22015,3,84.0
22015,5,80.0
22015,7,33.0
22015,9,91.0
22015,10,37.0
22015,11,39.0
22015,12,12.0
22015,13,81.0
22015,18,93.0
22015,19,120.0
22015,20,60.0
22015,21,83.0
22015,22,32.0
22015,23,83.0
22015,25,32.0
22015,27,39.0
22015,28,89.0
22015,30,85.0
22015,31,64.0
22015,32,20.0
22015,33,23.0
22015,36,59.0
22015,37,35.0
22015,38,48.0
22015,42,169.0
22015,44,91.0
22015,45,87.0
22015,46,197.0
22015,47,24.0
22015,48,84.0
22015,61,37.0
22015,62,17.0
22015,64,12.0
22015,66,30.0
22015,67,39.0
22015,69,17.0
22015,70,16.0
22015,71,122.0
22015,73,14.0
22015,75,42.0
22015,79,116.0
22015,86,35.0
22015,87,34.0
22015,100,2.0
22016,1,5.0
22016,5,10.0
22016,9,8.0
22016,12,47.0
22016,21,112.0
22016,26,3.0
22016,37,77.0
22016,44,37.0
22016,45,20.0
22016,70,15.0
22016,71,27.0
22016,86,10.0
22098,1,495.0
22098,2,336.0
22098,3,208.0
22098,5,378.0
22098,7,225.0
22098,9,364.0
22098,10,1047.0
22098,11,456.0
22098,12,298.0
22098,13,199.0
22098,18,555.0
22098,19,81.0
22098,20,756.0
22098,21,50.0
22098,22,499.0
22098,23,37.0
22098,25,319.0
22098,26,315.0
22098,27,338.0
22098,28,87.0
22098,30,46.0
22098,31,522.0
22098,32,567.0
22098,33,280.0
22098,36,307.0
22098,37,34.0
22098,38,64.0
22098,42,99.0
22098,44,65.0
22098,45,625.0
22098,46,235.0
22098,47,219.0
22098,48,162.0
22098,49,90.0
22098,60,97.0
22098,61,38.0
22098,62,38.0
22098,64,341.0
22098,66,307.0
22098,67,46.0
22098,68,31.0
22098,69,30.0
22098,70,31.0
22098,71,25.0
22098,73,15.0
22098,74,35.0
22098,75,51.0
22098,76,29.0
22098,78,31.43
22098,79,372.0
22098,86,12.0
22098,87,19.0
22098,100,10.0
22158,1,67.0
22158,2,35.0
22158,3,109.0
22158,5,8.0
22158,7,19.0
22158,9,9.0
22158,10,47.0
22158,11,21.0
22158,12,34.0
22158,13,43.0
22158,18,91.0
22158,19,122.0
22158,20,41.0
22158,21,38.0
22158,22,24.0
22158,23,13.0
22158,25,37.0
22158,27,33.0
22158,28,199.0
22158,30,69.0
22158,31,27.0
22158,32,21.0
22158,33,58.0
22158,36,38.0
22158,37,140.0
22158,38,68.0
22158,42,89.0
22158,44,22.0
22158,45,14.0
22158,46,106.0
22158,47,30.0
22158,48,72.0
22158,49,48.0
22158,60,54.0
22158,61,27.0
22158,62,9.0
22158,64,53.0
22158,66,8.0
22158,67,26.0
22158,68,3.0
22158,69,17.0
22158,70,22.0
22158,71,51.0
22158,73,24.0
22158,74,43.0
22158,75,60.0
22158,76,37.0
22158,78,67.14
22158,79,141.0
22158,86,10.0
22158,87,30.0
22158,100,12.0
22165,1,503.0
22165,2,1082.0
22165,3,279.0
22165,5,20.0
22165,7,30.0
22165,9,385.0
22165,10,77.0
22165,11,71.0
22165,12,263.0
22165,13,82.0
22165,18,15.0
22165,19,92.0
22165,20,199.0
22165,21,8.0
22165,22,53.0
22165,23,51.0
22165,25,181.0
22165,26,0.0
22165,27,237.0
22165,28,114.0
22165,30,15.0
22165,31,62.0
22165,32,211.0
22165,33,30.0
22165,36,283.0
22165,37,6.0
22165,38,39.0
22165,42,38.0
22165,44,90.0
22165,45,251.0
22165,46,79.0
22165,47,60.0
22165,48,30.0
22165,64,83.0
22165,66,84.0
22165,79,573.0
22165,87,13.0
22166,1,453.0
22166,2,375.0
22166,3,213.0
22166,5,42.0
22166,7,18.0
22166,9,193.0
22166,10,78.0
22166,11,333.0
22166,12,107.0
22166,13,19.0
22166,18,107.0
22166,19,60.0
22166,20,154.0
22166,21,27.0
22166,22,192.0
22166,23,28.0
22166,25,65.0
22166,27,93.0
22166,28,60.0
22166,30,47.0
22166,31,11.0
22166,32,219.0
22166,33,64.0
22166,36,251.0
22166,37,20.0
22166,38,28.0
22166,42,21.0
22166,44,49.0
22166,45,344.0
22166,46,131.0
22166,47,68.0
22166,48,35.0
22166,64,50.0
22166,66,15.0
22166,87,16.0
22167,1,224.0
22167,2,293.0
22167,3,20.0
22167,5,12.0
22167,7,14.0
22167,9,17.0
22167,10,3.0
22167,11,9.0
22167,12,16.0
22167,13,42.0
22167,18,15.0
22167,19,43.0
22167,20,23.0
22167,21,29.0
22167,22,14.0
22167,23,38.0
22167,25,22.0
22167,26,14.0
22167,27,11.0
22167,28,16.0
22167,30,14.0
22167,31,10.0
22167,32,13.0
22167,33,2.0
22167,36,14.0
22167,37,11.0
22167,38,14.0
22167,42,16.0
22167,44,15.0
22167,45,9.0
22167,46,19.0
22167,47,4.0
22167,48,30.0
22167,49,18.0
22167,60,3.0
22167,64,4.0
22167,66,32.0
22167,69,6.0
22167,76,8.0
22167,78,9.23
22167,79,36.0
22167,87,18.0
22168,1,286.0
22168,2,906.0
22168,3,196.0
22168,5,143.0
22168,7,88.0
22168,9,192.0
22168,10,79.0
22168,11,129.0
22168,12,512.0
22168,13,94.0
22168,18,146.0
22168,19,61.0
22168,20,92.0
22168,21,53.0
22168,22,46.0
22168,23,47.0
22168,25,87.0
22168,26,4464.0
22168,27,274.0
22168,28,46.0
22168,30,44.0
22168,31,82.0
22168,32,13.0
22168,33,21.0
22168,36,159.0
22168,37,16.0
22168,38,25.0
22168,42,29.0
22168,44,46.0
22168,45,112.0
22168,46,57.0
22168,47,49.0
22168,48,31.0
22168,64,79.0
22168,66,64.0
22168,79,391.0
22168,87,10.0
22169,1,158.0
22169,2,547.0
22169,3,36.0
22169,5,105.0
22169,7,67.0
22169,9,215.0
22169,10,115.0
22169,11,184.0
22169,12,94.0
22169,13,21.0
22169,18,157.0
22169,19,155.0
22169,20,118.0
22169,21,54.0
22169,22,71.0
22169,23,44.0
22169,25,35.0
22169,26,1068.0
22169,27,82.0
22169,28,99.0
22169,30,58.0
22169,31,88.0
22169,32,309.0
22169,33,55.0
22169,36,66.0
22169,37,43.0
22169,38,44.0
22169,42,31.0
22169,44,40.0
22169,45,121.0
22169,46,42.0
22169,47,63.0
22169,48,19.0
22169,64,107.0
22169,66,6.0
22169,79,247.0
22169,87,56.0
22170,1,123.0
22170,2,161.0
22170,3,11.0
22170,5,33.0
22170,7,23.0
22170,9,3.0
22170,10,11.0
22170,11,17.0
22170,12,68.0
22170,13,59.0
22170,18,8.0
22170,19,18.0
22170,20,13.0
22170,21,47.0
22170,22,13.0
22170,23,5.0
22170,25,41.0
22170,26,14.0
22170,27,5.0
22170,28,14.0
22170,30,35.0
22170,31,6.0
22170,32,19.0
22170,33,15.0
22170,36,28.0
22170,37,4.0
22170,38,17.0
22170,42,22.0
22170,44,21.0
22170,45,20.0
22170,46,25.0
22170,47,4.0
22170,48,30.0
22170,64,8.0
22170,66,16.0
22170,79,38.0
22170,87,50.0
22179,1,730.0
22179,2,115.0
22179,3,20.0
22179,5,218.0
22179,7,61.0
22179,9,237.0
22179,10,50.0
22179,11,41.0
22179,12,82.0
22179,13,104.0
22179,18,27.0
22179,19,86.0
22179,20,59.0
22179,21,78.0
22179,22,62.0
22179,23,165.0
22179,25,42.0
22179,26,72.0
22179,27,41.0
22179,28,240.0
22179,30,50.0
22179,31,60.0
22179,32,56.0
22179,33,26.0
22179,36,41.0
22179,37,16.0
22179,38,20.0
22179,42,52.0
22179,44,10.0
22179,45,57.0
22179,46,78.0
22179,47,31.0
22179,48,18.0
22179,49,24.0
22179,60,24.0
22179,61,2.0
22179,62,29.0
22179,64,17.0
22179,66,15.0
22179,67,12.0
22179,68,31.0
22179,69,14.0
22179,70,14.0
22179,71,11.0
22179,73,5.0
22179,74,27.0
22179,75,76.0
22179,76,19.0
22179,78,35.71
22179,79,240.0
22179,86,20.0
22179,87,4.0
22179,100,4.0
22179,303,60.0
22180,1,231.0
22180,2,208.0
22180,3,60.0
22180,5,332.0
22180,7,158.0
22180,9,42.0
22180,10,94.0
22180,11,84.0
22180,12,293.0
22180,13,123.0
22180,18,123.0
22180,19,76.0
22180,20,124.0
22180,21,21.0
22180,22,108.0
22180,23,195.0
22180,25,178.0
22180,26,96.0
22180,27,71.0
22180,28,137.0
22180,30,70.0
22180,31,44.0
22180,32,101.0
22180,33,69.0
22180,36,173.0
22180,37,35.0
22180,38,37.0
22180,42,30.0
22180,44,71.0
22180,45,159.0
22180,46,109.0
22180,47,59.0
22180,48,48.0
22180,49,29.0
22180,60,10.0
22180,61,12.0
22180,62,12.0
22180,64,68.0
22180,66,298.0
22180,67,14.0
22180,68,17.0
22180,69,2.0
22180,70,4.0
22180,71,4.0
22180,73,21.0
22180,74,29.0
22180,75,13.0
22180,76,9.0
22180,78,30.0
22180,79,326.0
22180,86,7.0
22180,87,4.0
22180,100,10.0
22181,1,299.0
22181,2,152.0
22181,3,140.0
22181,5,152.0
22181,7,42.0
22181,9,114.0
22181,10,81.0
22181,11,74.0
22181,12,292.0
22181,13,52.0
22181,18,147.0
22181,19,21.0
22181,20,159.0
22181,21,16.0
22181,22,15.0
22181,23,45.0
22181,25,121.0
22181,26,96.0
22181,27,91.0
22181,28,49.0
22181,30,133.0
22181,31,52.0
22181,32,52.0
22181,33,45.0
22181,36,197.0
22181,37,40.0
22181,38,38.0
22181,42,9.0
22181,44,55.0
22181,45,94.0
22181,46,91.0
22181,47,68.0
22181,48,32.0
22181,49,31.0
22181,60,12.0
22181,61,1.0
22181,62,7.0
22181,64,81.0
22181,66,275.0
22181,67,25.0
22181,68,10.0
22181,69,4.0
22181,70,3.0
22181,71,15.0
22181,73,3.0
22181,74,25.0
22181,75,8.0
22181,76,9.0
22181,78,61.43
22181,79,348.0
22181,86,4.0
22181,87,4.0
22181,100,2.0
22182,2,15.0
22182,302,90.0
22182,303,60.0
22183,1,326.0
22183,2,52.0
22183,3,36.0
22183,5,110.0
22183,7,54.0
22183,9,56.0
22183,10,24.0
22183,11,15.0
22183,12,75.0
22183,13,95.0
22183,18,6.0
22183,19,52.0
22183,20,30.0
22183,21,14.0
22183,22,77.0
22183,23,35.0
22183,25,6.0
22183,26,192.0
22183,27,10.0
22183,28,76.0
22183,30,39.0
22183,31,3.0
22183,32,19.0
22183,33,29.0
22183,36,20.0
22183,37,21.0
22183,38,23.0
22183,42,11.0
22183,44,20.0
22183,45,8.0
22183,46,36.0
22183,47,10.0
22183,48,7.0
22183,49,8.0
22183,60,10.0
22183,61,29.0
22183,62,14.0
22183,64,30.0
22183,66,14.0
22183,67,6.0
22183,68,16.0
22183,69,9.0
22183,70,11.0
22183,71,9.0
22183,73,5.0
22183,74,35.0
22183,75,10.0
22183,76,12.0
22183,78,48.95
22183,79,192.0
22183,86,6.0
22183,87,2.0
22183,100,4.0
22188,1,83.0
22188,2,1957.0
22188,3,53.0
22188,5,13.0
22188,7,12.0
22188,9,1.0
22188,10,8.0
22188,11,24.0
22188,12,9.0
22188,13,11.0
22188,18,19.0
22188,19,30.0
22188,20,20.0
22188,21,23.0
22188,22,4.0
22188,23,15.0
22188,25,9.0
22188,26,357.0
22188,27,7.0
22188,28,16.0
22188,30,29.0
22188,31,6.0
22188,32,42.0
22188,33,25.0
22188,36,33.0
22188,37,63.0
22188,38,10.0
22188,42,20.0
22188,44,46.0
22188,45,10.0
22188,46,34.0
22188,47,22.0
22188,48,64.0
22188,49,3.0
22188,60,4.0
22188,61,7.0
22188,62,4.0
22188,64,7.0
22188,66,7.0
22188,67,13.0
22188,68,9.0
22188,69,7.0
22188,70,6.0
22188,71,11.0
22188,73,2.0
22188,74,5.0
22188,75,12.0
22188,76,1.0
22188,78,27.0
22188,79,38.0
22188,86,3.0
22188,87,28.0
22188,100,8.0
22308,1,57.0
22308,2,28.0
22308,3,15.0
22308,5,26.0
22308,7,15.0
22308,9,7.0
22308,10,11.0
22308,11,22.0
22308,12,19.0
22308,13,18.0
22308,18,12.0
22308,19,53.0
22308,20,38.0
22308,21,35.0
22308,22,20.0
22308,23,32.0
22308,25,68.0
22308,27,25.0
22308,28,11.0
22308,30,33.0
22308,31,4.0
22308,32,6.0
22308,33,6.0
22308,36,19.0
22308,37,15.0
22308,38,29.0
22308,42,33.0
22308,44,59.0
22308,45,11.0
22308,46,43.0
22308,47,9.0
22308,48,8.0
22308,64,7.0
22308,79,25.0
22308,87,17.0
22576,1,28.0
22576,2,27.0
22576,3,29.0
22576,5,17.0
22576,7,9.0
22576,9,12.0
22576,10,42.0
22576,11,39.0
22576,12,6.0
22576,13,3.0
22576,18,6.0
22576,19,18.0
22576,20,24.0
22576,21,20.0
22576,22,26.0
22576,23,25.0
22576,25,24.0
22576,27,21.0
22576,28,23.0
22576,30,2.0
22576,31,18.0
22576,32,41.0
22576,33,10.0
22576,36,23.0
22576,37,18.0
22576,38,11.0
22576,42,10.0
22576,44,20.0
22576,45,31.0
22576,46,5.0
22576,47,19.0
22576,48,16.0
22576,49,8.0
22576,60,15.0
22576,61,15.0
22576,62,10.0
22576,64,31.0
22576,66,5.0
22576,67,4.0
22576,68,9.0
22576,69,9.0
22576,70,7.0
22576,73,4.0
22576,74,10.0
22576,76,6.0
22576,78,36.67
22576,79,35.0
22576,86,7.0
22576,87,12.0
22576,100,9.0
22578,1,29.0
22578,2,5.0
22578,3,12.0
22578,5,7.0
22578,7,1.0
22578,10,12.0
22578,11,3.0
22578,12,2.0
22578,13,16.0
22578,18,5.0
22578,19,11.0
22578,20,1.0
22578,21,13.0
22578,22,4.0
22578,23,13.0
22578,25,28.0
22578,27,24.0
22578,28,15.0
22578,30,13.0
22578,31,10.0
22578,32,7.0
22578,33,22.0
22578,36,11.0
22578,37,16.0
22578,38,10.0
22578,42,10.0
22578,44,14.0
22578,45,12.0
22578,46,1.0
22578,47,16.0
22578,48,16.0
22578,49,2.0
22578,61,2.0
22578,62,5.0
22578,64,12.0
22578,66,12.0
22578,67,5.0
22578,68,7.0
22578,69,4.0
22578,70,9.0
22578,71,64.0
22578,73,2.0
22578,74,6.0
22578,75,24.0
22578,76,5.0
22578,79,9.0
22578,86,3.0
22578,87,4.0
22578,100,3.0
23141,1,32.0
23141,2,15.0
23141,3,24.0
23141,5,12.0
23141,7,11.0
23141,9,285.0
23141,10,17.0
23141,11,12.0
23141,12,14.0
23141,13,18.0
23141,18,12.0
23141,19,30.0
23141,20,28.0
23141,21,40.0
23141,22,34.0
23141,23,15.0
23141,25,23.0
23141,27,13.0
23141,28,29.0
23141,30,28.0
23141,31,12.0
23141,32,15.0
23141,36,41.0
23141,37,16.0
23141,38,23.0
23141,42,9.0
23141,44,26.0
23141,45,38.0
23141,46,18.0
23141,47,25.0
23141,48,32.0
23141,49,11.0
23141,60,11.0
23141,61,12.0
23141,62,19.0
23141,64,12.0
23141,66,10.0
23141,67,9.0
23141,68,27.0
23141,70,9.0
23141,71,8.0
23141,73,5.0
23141,74,19.0
23141,75,29.0
23141,76,1.0
23141,78,26.0
23141,79,32.0
23141,86,6.0
23141,87,5.0
23141,100,2.0
23465,1,49.0
23465,2,64.0
23465,3,180.0
23465,5,14.0
23465,7,13.0
23465,9,45.0
23465,10,43.0
23465,11,15.0
23465,12,49.0
23465,13,4.0
23465,18,39.0
23465,19,29.0
23465,20,114.0
23465,21,27.0
23465,22,35.0
23465,23,11.0
23465,25,21.0
23465,27,20.0
23465,28,60.0
23465,30,42.0
23465,31,17.0
23465,32,15.0
23465,33,43.0
23465,36,19.0
23465,37,45.0
23465,38,12.0
23465,42,18.0
23465,44,21.0
23465,45,12.0
23465,46,64.0
23465,47,23.0
23465,48,81.0
23465,64,59.0
23465,66,49.0
23465,79,155.0
23465,87,32.0
23466,1,50.0
23466,2,42.0
23466,3,124.0
23466,5,16.0
23466,7,16.0
23466,9,46.0
23466,10,42.0
23466,11,48.0
23466,12,30.0
23466,13,12.0
23466,18,80.0
23466,19,28.0
23466,20,123.0
23466,21,30.0
23466,22,34.0
23466,23,16.0
23466,25,48.0
23466,27,30.0
23466,28,53.0
23466,30,24.0
23466,31,30.0
23466,32,55.0
23466,33,54.0
23466,36,37.0
23466,37,42.0
23466,38,31.0
23466,42,70.0
23466,44,13.0
23466,45,5.0
23466,46,69.0
23466,47,20.0
23466,48,126.0
23466,64,98.0
23466,66,6.0
23466,71,34.0
23466,79,237.0
23466,87,29.0
23467,1,59.0
23467,2,9.0
23467,3,30.0
23467,5,12.0
23467,7,7.0
23467,9,5.0
23467,10,12.0
23467,11,5.0
23467,12,14.0
23467,13,13.0
23467,18,3.0
23467,19,5.0
23467,20,14.0
23467,21,8.0
23467,22,6.0
23467,23,8.0
23467,25,19.0
23467,27,9.0
23467,28,7.0
23467,30,23.0
23467,31,7.0
23467,32,18.0
23467,33,8.0
23467,36,3.0
23467,37,7.0
23467,38,15.0
23467,42,20.0
23467,44,20.0
23467,45,8.0
23467,46,18.0
23467,47,4.0
23467,48,20.0
23467,64,6.0
23467,66,2.0
23467,79,18.0
23467,87,15.0
24197,1,357.0
24197,3,185.0
24197,5,144.0
24197,7,136.0
24197,9,126.0
24197,10,243.0
24197,11,308.0
24197,12,84.0
24197,13,314.0
24197,18,197.0
24197,19,109.0
24197,20,224.0
24197,21,54.0
24197,22,220.0
24197,23,110.0
24197,25,236.0
24197,27,150.0
24197,28,78.0
24197,30,95.0
24197,31,245.0
24197,32,176.0
24197,33,133.0
24197,36,171.0
24197,37,255.0
24197,38,41.0
24197,42,81.0
24197,44,106.0
24197,45,42.0
24197,46,36.0
24197,47,89.0
24197,48,337.0
24197,49,13.0
24197,60,125.0
24197,61,105.0
24197,62,38.0
24197,64,355.0
24197,66,198.0
24197,67,57.0
24197,68,20.0
24197,69,27.0
24197,70,51.0
24197,71,34.0
24197,73,21.0
24197,74,46.0
24197,75,101.0
24197,76,44.0
24197,78,45.71
24197,79,84.0
24197,86,24.0
24197,87,100.0
24197,100,25.0
24197,302,30.0
24198,1,286.0
24198,2,76.0
24198,3,107.0
24198,5,154.0
24198,7,169.0
24198,9,72.0
24198,10,221.0
24198,11,262.0
24198,12,63.0
24198,13,146.0
24198,18,195.0
24198,19,101.0
24198,20,82.0
24198,21,105.0
24198,22,224.0
24198,23,134.0
24198,25,144.0
24198,26,84.0
24198,27,49.0
24198,28,174.0
24198,30,89.0
24198,31,150.0
24198,32,166.0
24198,33,112.0
24198,36,81.0
24198,37,80.0
24198,38,78.0
24198,42,141.0
24198,44,131.0
24198,45,82.0
24198,46,36.0
24198,47,85.0
24198,48,130.0
24198,49,54.0
24198,60,118.0
24198,61,108.0
24198,62,52.0
24198,64,105.0
24198,66,126.0
24198,67,58.0
24198,68,31.0
24198,69,44.0
24198,70,24.0
24198,71,52.0
24198,73,19.0
24198,74,12.0
24198,75,39.0
24198,76,53.0
24198,78,51.43
24198,79,38.0
24198,86,24.0
24198,87,86.0
24198,100,36.0
24199,1,1755.0
24199,2,524.0
24199,3,466.0
24199,5,166.0
24199,7,124.0
24199,9,304.0
24199,10,260.0
24199,11,593.0
24199,12,238.0
24199,13,122.0
24199,18,258.0
24199,19,164.0
24199,20,344.0
24199,21,184.0
24199,22,631.0
24199,23,56.0
24199,25,179.0
24199,26,256.0
24199,27,116.0
24199,28,324.0
24199,30,63.0
24199,31,92.0
24199,32,349.0
24199,33,136.0
24199,36,360.0
24199,37,449.0
24199,38,118.0
24199,42,163.0
24199,44,202.0
24199,45,97.0
24199,46,380.0
24199,47,124.0
24199,48,544.0
24199,49,83.0
24199,60,199.0
24199,61,75.0
24199,62,88.0
24199,64,197.0
24199,66,97.0
24199,67,14.0
24199,68,4.0
24199,69,114.0
24199,70,55.0
24199,71,49.0
24199,73,25.0
24199,74,88.0
24199,75,173.0
24199,76,135.0
24199,78,27.5
24199,79,587.0
24199,86,26.0
24199,87,4.0
24199,100,16.0
24205,1,391.0
24205,2,514.0
24205,3,373.0
24205,5,111.0
24205,7,74.0
24205,9,559.0
24205,10,373.0
24205,11,716.0
24205,12,247.0
24205,13,132.0
24205,18,356.0
24205,19,117.0
24205,20,669.0
24205,21,174.0
24205,22,428.0
24205,23,63.0
24205,25,371.0
24205,26,288.0
24205,27,142.0
24205,28,1125.0
24205,30,103.0
24205,31,196.0
24205,32,338.0
24205,33,136.0
24205,36,423.0
24205,37,369.0
24205,38,62.0
24205,42,255.0
24205,44,321.0
24205,45,141.0
24205,46,367.0
24205,47,174.0
24205,48,563.0
24205,49,109.0
24205,60,129.0
24205,61,77.0
24205,62,151.0
24205,64,364.0
24205,66,61.0
24205,67,46.0
24205,68,106.0
24205,69,84.0
24205,70,36.0
24205,71,71.0
24205,73,18.0
24205,74,80.0
24205,75,105.0
24205,76,74.0
24205,78,68.57
24205,79,632.0
24205,86,31.0
24205,87,133.0
24205,100,9.0
24206,1,119.0
24206,2,68.0
24206,3,58.0
24206,5,69.0
24206,7,4.0
24206,9,83.0
24206,10,38.0
24206,11,103.0
24206,12,71.0
24206,13,10.0
24206,18,28.0
24206,19,65.0
24206,20,7.0
24206,21,81.0
24206,22,31.0
24206,23,47.0
24206,25,23.0
24206,26,5375.0
24206,27,19.0
24206,28,24.0
24206,30,111.0
24206,31,11.0
24206,32,1.0
24206,33,34.0
24206,36,96.0
24206,37,75.0
24206,38,26.0
24206,42,70.0
24206,44,108.0
24206,45,48.0
24206,46,75.0
24206,47,24.0
24206,48,14.0
24206,49,8.0
24206,60,10.0
24206,61,29.0
24206,62,4.0
24206,64,46.0
24206,66,25.0
24206,67,15.0
24206,68,23.0
24206,69,5.0
24206,70,1.0
24206,71,17.0
24206,73,15.0
24206,74,15.0
24206,75,34.0
24206,76,11.0
24206,78,52.0
24206,79,83.0
24206,86,7.0
24206,87,50.0
24206,100,9.0
24207,1,219.0
24207,2,208.0
24207,3,64.0
24207,5,92.0
24207,7,43.0
24207,10,26.0
24207,11,67.0
24207,12,35.0
24207,13,10.0
24207,18,22.0
24207,19,52.0
24207,20,71.0
24207,21,1.0
24207,22,17.0
24207,23,52.0
24207,25,21.0
24207,26,70.0
24207,27,66.0
24207,28,107.0
24207,30,77.0
24207,31,33.0
24207,32,8.0
24207,33,35.0
24207,36,59.0
24207,37,41.0
24207,38,10.0
24207,42,14.0
24207,45,21.0
24207,46,40.71
24207,47,17.0
24207,48,36.0
24207,49,13.0
24207,60,12.0
24207,62,8.0
24207,64,41.0
24207,66,38.0
24207,68,43.0
24207,73,3.0
24207,74,11.0
24207,76,5.0
24207,78,43.85
24207,79,15.0
24207,86,9.0
24207,100,11.0
24325,1,82.0
24325,2,137.0
24325,3,95.0
24325,5,33.0
24325,7,42.0
24325,9,75.0
24325,10,107.0
24325,11,30.0
24325,12,82.0
24325,13,17.0
24325,18,88.0
24325,19,16.0
24325,20,148.0
24325,21,15.0
24325,22,110.0
24325,23,7.0
24325,25,87.0
24325,26,360.0
24325,27,72.0
24325,28,141.0
24325,30,72.0
24325,31,62.0
24325,32,37.0
24325,33,52.0
24325,36,47.0
24325,37,106.0
24325,38,36.0
24325,42,79.0
24325,44,16.0
24325,45,33.0
24325,46,82.0
24325,47,33.0
24325,48,160.0
24325,49,36.0
24325,60,98.0
24325,61,36.0
24325,62,36.0
24325,64,97.0
24325,66,51.0
24325,67,11.0
24325,68,22.0
24325,69,24.0
24325,70,27.0
24325,71,26.0
24325,73,10.0
24325,74,100.0
24325,75,50.0
24325,76,57.0
24325,78,62.86
24325,79,132.0
24325,86,33.0
24325,87,65.0
24325,100,27.0
24337,1,349.0
24337,2,315.0
24337,3,98.0
24337,5,310.0
24337,7,85.0
24337,9,400.0
24337,10,661.0
24337,11,354.0
24337,12,178.0
24337,13,212.0
24337,18,790.0
24337,19,53.0
24337,20,716.0
24337,21,200.0
24337,22,325.0
24337,23,74.0
24337,25,245.0
24337,26,45.0
24337,27,177.0
24337,28,44.0
24337,30,33.0
24337,31,404.0
24337,32,348.0
24337,33,163.0
24337,36,707.0
24337,37,108.0
24337,38,36.0
24337,42,71.0
24337,44,143.0
24337,45,690.0
24337,46,121.0
24337,47,173.0
24337,48,53.0
24337,49,50.0
24337,60,18.0
24337,61,11.0
24337,62,77.0
24337,64,532.0
24337,66,275.0
24337,67,11.0
24337,68,14.0
24337,69,74.0
24337,70,16.0
24337,71,9.0
24337,73,17.0
24337,74,37.0
24337,75,32.0
24337,76,17.0
24337,78,30.0
24337,79,226.0
24337,86,16.0
24337,87,17.0
24337,100,3.0
24868,9,45.0
24868,26,1350.0
24868,27,7.0
24871,1,638.0
24871,2,183.0
24871,3,221.0
24871,5,175.0
24871,7,43.0
24871,9,30.0
24871,10,82.0
24871,11,132.0
24871,12,63.0
24871,13,70.0
24871,18,134.0
24871,19,129.0
24871,20,184.0
24871,21,167.0
24871,22,100.0
24871,23,14.0
24871,25,92.0
24871,26,190.0
24871,27,67.0
24871,28,256.0
24871,30,179.0
24871,31,139.0
24871,32,107.0
24871,33,124.0
24871,36,225.0
24871,37,45.0
24871,38,55.0
24871,42,190.0
24871,44,246.0
24871,45,100.0
24871,46,75.0
24871,47,103.0
24871,48,60.0
24871,49,37.0
24871,60,102.0
24871,61,12.0
24871,62,76.0
24871,64,104.0
24871,66,120.0
24871,67,24.0
24871,68,22.0
24871,69,31.0
24871,70,46.0
24871,71,59.0
24871,73,58.0
24871,74,46.0
24871,75,30.0
24871,76,68.0
24871,78,215.45
24871,79,376.0
24871,86,31.0
24871,87,64.0
24871,100,7.0
24871,303,30.0
24876,5,7.0
24876,10,30.0
24876,18,11.0
24876,19,53.0
24876,20,39.0
24876,21,6.0
24876,22,21.0
24876,23,33.0
24876,28,36.0
24876,30,12.0
24876,33,41.0
24876,44,42.0
24876,46,32.0
24876,47,21.0
24876,48,1.0
24876,49,8.0
24876,60,87.0
24876,61,24.0
24876,62,5.0
24876,68,3.0
24876,69,5.0
24876,70,9.0
24876,71,7.0
24876,73,24.0
24876,75,32.0
24876,76,24.0
24876,79,77.0
24876,87,7.0
24876,100,2.0
24877,1,20.0
24877,3,68.0
24877,11,28.0
24877,19,38.0
24877,20,36.0
24877,21,49.0
24877,23,10.0
24877,30,34.0
24877,31,6.0
24877,37,5.0
24877,38,41.0
24877,44,39.0
24877,45,52.0
24877,47,27.0
24877,49,9.0
24877,62,82.0
24877,64,22.0
24877,68,4.0
24877,69,11.0
24877,71,12.0
24877,73,40.0
24877,79,91.0
24877,87,10.0
24877,100,17.0
24878,1,7.0
24878,2,12.0
24878,3,26.0
24878,5,4.0
24878,7,4.0
24878,9,400.0
24878,10,4.0
24878,12,16.0
24878,13,4.0
24878,18,4.0
24878,20,15.0
24878,21,12.0
24878,22,18.0
24878,23,6.0
24878,25,6.0
24878,26,1350.0
24878,27,7.0
24878,28,13.0
24878,30,13.0
24878,31,7.0
24878,32,10.0
24878,33,8.0
24878,36,34.0
24878,37,25.0
24878,38,8.0
24878,42,9.0
24878,44,15.0
24878,45,2.0
24878,46,5.0
24878,47,12.0
24878,49,11.0
24878,60,21.0
24878,62,7.0
24878,64,4.0
24878,66,11.0
24878,70,2.0
24878,71,5.0
24878,76,10.0
24878,78,42.86
24878,79,25.0
24878,87,7.0
24879,1,5.0
24879,2,2.0
24879,5,4.0
24879,7,8.0
24879,9,45.0
24879,10,3.0
24879,12,8.0
24879,13,3.0
24879,18,12.0
24879,19,3.0
24879,20,1.0
24879,21,18.0
24879,23,2.0
24879,25,6.0
24879,28,2.0
24879,30,10.0
24879,31,7.0
24879,32,4.0
24879,33,6.0
24879,36,31.0
24879,37,19.0
24879,38,18.0
24879,42,7.0
24879,45,4.0
24879,47,11.0
24879,49,11.0
24879,62,3.0
24879,64,19.0
24879,66,11.0
24879,67,8.0
24879,71,4.0
24879,76,4.0
24879,79,4.0
24880,1,8329.0
24880,2,313.0
24880,3,414.0
24880,5,310.0
24880,7,176.0
24880,9,112.0
24880,10,239.0
24880,11,464.0
24880,12,393.0
24880,13,144.0
24880,18,129.0
24880,19,128.0
24880,20,354.0
24880,21,310.0
24880,22,388.0
24880,23,8.0
24880,25,254.0
24880,26,90.0
24880,27,271.0
24880,28,167.0
24880,30,237.0
24880,31,203.0
24880,32,331.0
24880,33,141.0
24880,36,603.0
24880,37,28.0
24880,38,199.0
24880,42,222.0
24880,44,95.0
24880,45,212.0
24880,46,94.0
24880,47,190.0
24880,48,153.0
24880,49,60.0
24880,60,53.0
24880,61,52.0
24880,62,55.0
24880,64,402.0
24880,66,218.0
24880,67,88.0
24880,68,64.0
24880,69,52.0
24880,70,15.0
24880,71,68.0
24880,73,20.0
24880,74,51.0
24880,75,63.0
24880,76,124.0
24880,78,56.47
24880,79,224.0
24880,86,21.0
24880,87,111.0
24880,100,16.0
24881,1,447.0
24881,2,73.0
24881,3,186.0
24881,5,124.0
24881,7,80.0
24881,9,88.0
24881,10,75.0
24881,11,52.0
24881,12,44.0
24881,13,42.0
24881,18,128.0
24881,19,89.0
24881,20,114.0
24881,21,54.0
24881,22,55.0
24881,23,13.0
24881,25,73.0
24881,26,2.0
24881,27,47.0
24881,28,60.0
24881,30,58.0
24881,31,23.0
24881,32,42.0
24881,33,57.0
24881,36,127.0
24881,37,66.0
24881,38,91.0
24881,42,76.0
24881,44,45.0
24881,45,53.0
24881,46,116.0
24881,47,25.0
24881,48,107.0
24881,61,46.0
24881,64,90.0
24881,66,12.0
24881,67,18.0
24881,68,46.0
24881,69,20.0
24881,70,36.0
24881,71,42.0
24881,73,5.0
24881,74,25.0
24881,75,36.0
24881,79,82.0
24881,86,22.0
24881,87,53.0
24881,100,13.0
24882,1,117.0
24882,2,57.0
24882,3,124.0
24882,5,1800.0
24882,7,35.0
24882,9,39.0
24882,10,43.0
24882,11,43.0
24882,12,39.0
24882,13,38.0
24882,18,35.0
24882,19,38.0
24882,20,28.0
24882,21,324.38
24882,22,108.0
24882,23,24.0
24882,25,11.0
24882,27,124.0
24882,28,23.0
24882,30,42.0
24882,31,27.0
24882,32,35.0
24882,33,6.0
24882,36,40.0
24882,37,33.0
24882,38,28.0
24882,42,60.0
24882,45,60.0
24882,46,50.0
24882,47,20.0
24882,48,170.0
24882,62,3.0
24882,64,36.0
24882,66,22.0
24882,69,8.0
24882,70,16.67
24882,79,27.0
24883,1,187.0
24883,2,67.0
24883,3,137.0
24883,5,182.0
24883,7,66.0
24883,9,6.0
24883,10,66.0
24883,11,134.0
24883,12,105.0
24883,13,78.0
24883,18,52.0
24883,19,45.0
24883,20,128.0
24883,21,75.0
24883,22,50.0
24883,23,57.0
24883,25,29.0
24883,26,30.0
24883,27,70.0
24883,28,68.0
24883,30,77.0
24883,31,69.0
24883,32,41.0
24883,33,39.0
24883,36,106.0
24883,37,93.0
24883,38,124.0
24883,42,87.0
24883,44,70.0
24883,45,71.0
24883,46,136.0
24883,47,58.0
24883,48,73.0
24883,49,22.0
24883,60,37.0
24883,61,50.0
24883,62,18.0
24883,64,52.0
24883,66,11.0
24883,67,48.0
24883,68,26.0
24883,69,26.0
24883,70,34.0
24883,71,19.0
24883,73,20.0
24883,74,29.0
24883,75,33.0
24883,76,33.0
24883,78,40.5
24883,79,155.0
24883,86,7.0
24883,87,75.0
24883,100,6.0
24883,302,60.0
24884,1,92.0
24884,2,32.0
24884,3,37.0
24884,5,16.0
24884,7,15.0
24884,9,39.0
24884,10,14.0
24884,11,58.0
24884,12,34.0
24884,13,28.0
24884,18,31.0
24884,19,33.0
24884,20,42.0
24884,21,12.0
24884,22,21.0
24884,23,25.0
24884,25,56.0
24884,26,3600.0
24884,27,17.0
24884,28,4.0
24884,30,12.0
24884,31,8.0
24884,32,16.0
24884,33,7.0
24884,36,38.0
24884,37,14.0
24884,38,60.0
24884,42,16.0
24884,44,27.0
24884,45,3.0
24884,46,32.0
24884,47,18.0
24884,48,62.0
24884,49,7.0
24884,60,5.0
24884,61,7.0
24884,62,14.0
24884,64,24.0
24884,66,10.0
24884,67,6.0
24884,68,6.0
24884,69,6.0
24884,70,4.0
24884,71,6.0
24884,73,4.0
24884,74,13.0
24884,75,1.0
24884,76,9.0
24884,78,26.47
24884,79,42.0
24884,86,6.0
24884,87,25.0
24884,100,5.0
24885,1,42.0
24885,2,17.0
24885,3,48.0
24885,5,8.0
24885,7,23.0
24885,9,4.0
24885,10,21.0
24885,11,53.0
24885,12,13.0
24885,13,26.0
24885,18,26.0
24885,19,20.0
24885,20,14.0
24885,21,18.0
24885,22,13.0
24885,23,24.0
24885,25,76.0
24885,26,0.0
24885,27,20.0
24885,28,30.0
24885,30,18.0
24885,31,19.0
24885,32,20.0
24885,33,16.0
24885,36,4.0
24885,37,13.0
24885,38,21.0
24885,42,16.0
24885,44,20.0
24885,45,13.0
24885,46,1.0
24885,47,15.0
24885,48,41.0
24885,49,13.0
24885,61,14.0
24885,62,9.0
24885,64,14.0
24885,66,8.0
24885,67,10.0
24885,68,9.0
24885,69,3.0
24885,70,9.0
24885,71,10.0
24885,73,3.0
24885,74,15.0
24885,78,34.0
24885,79,13.0
24885,86,8.0
24885,87,11.0
24885,100,1.0
24886,1,233.0
24886,2,74.0
24886,3,106.0
24886,5,225.0
24886,7,102.0
24886,9,43.0
24886,10,127.0
24886,11,192.0
24886,12,52.0
24886,13,154.0
24886,18,120.0
24886,19,48.0
24886,20,125.0
24886,21,95.0
24886,22,135.0
24886,23,37.0
24886,25,106.0
24886,26,150.0
24886,27,84.0
24886,28,25.0
24886,30,26.0
24886,31,52.0
24886,32,141.0
24886,33,6.0
24886,36,119.0
24886,37,25.0
24886,38,125.0
24886,42,73.0
24886,44,42.0
24886,45,61.0
24886,46,52.0
24886,47,90.0
24886,48,106.0
24886,49,55.0
24886,60,103.0
24886,61,40.0
24886,62,7.0
24886,64,114.0
24886,66,62.0
24886,67,33.0
24886,68,46.0
24886,69,25.0
24886,70,22.0
24886,71,13.0
24886,73,10.0
24886,74,18.0
24886,75,37.0
24886,76,23.0
24886,78,52.5
24886,79,36.0
24886,86,11.0
24886,87,16.0
24886,100,3.0
24886,302,30.0
24887,1,138.0
24887,2,43.0
24887,3,40.0
24887,5,115.0
24887,7,33.0
24887,9,24.0
24887,10,60.0
24887,11,53.0
24887,12,32.0
24887,13,53.0
24887,18,24.0
24887,19,16.0
24887,20,30.0
24887,21,33.0
24887,22,28.0
24887,23,15.0
24887,25,41.0
24887,26,12.0
24887,27,18.0
24887,28,15.0
24887,30,33.0
24887,31,14.0
24887,32,2.0
24887,33,24.0
24887,36,24.0
24887,37,15.0
24887,38,20.0
24887,42,18.0
24887,44,18.0
24887,45,9.0
24887,46,36.0
24887,47,10.0
24887,48,46.0
24887,49,16.0
24887,60,9.0
24887,61,19.0
24887,62,17.0
24887,64,36.0
24887,66,25.0
24887,67,36.0
24887,68,25.0
24887,69,11.0
24887,70,18.0
24887,71,10.0
24887,73,7.0
24887,74,12.0
24887,75,12.0
24887,76,11.0
24887,78,36.0
24887,79,42.0
24887,86,2.0
24887,87,5.0
24887,100,2.0
24888,1,53.0
24888,2,17.0
24888,3,5.0
24888,5,12.0
24888,7,49.0
24888,9,16.0
24888,10,0.0
24888,11,59.0
24888,12,22.0
24888,13,23.0
24888,18,9.0
24888,19,19.0
24888,20,29.0
24888,21,23.0
24888,22,19.0
24888,23,14.0
24888,25,24.0
24888,26,0.0
24888,28,37.0
24888,30,22.0
24888,31,39.0
24888,32,3.0
24888,33,17.0
24888,36,25.0
24888,37,43.0
24888,38,19.0
24888,42,11.0
24888,45,17.0
24888,46,11.0
24888,47,30.0
24888,62,10.0
24888,64,23.0
24888,66,20.0
24888,68,12.0
24888,69,6.0
24888,70,9.0
24888,71,16.0
24888,74,10.0
24888,78,16.0
24888,79,30.0
24888,86,1.0
24888,87,15.0
24888,100,3.0
24889,1,33.0
24889,3,66.0
24889,5,10.0
24889,7,4.0
24889,10,6.0
24889,12,12.0
24889,13,10.0
24889,18,6.0
24889,20,8.0
24889,21,27.0
24889,23,10.0
24889,25,6.0
24889,26,45.0
24889,27,4.0
24889,28,4.0
24889,30,15.0
24889,31,9.0
24889,32,7.0
24889,33,6.0
24889,36,23.0
24889,37,24.0
24889,38,8.0
24889,42,15.0
24889,44,18.0
24889,45,26.0
24889,46,24.0
24889,47,11.0
24889,49,17.0
24889,60,22.0
24889,62,4.0
24889,64,3.0
24889,66,10.0
24889,70,7.0
24889,71,7.0
24889,75,6.0
24889,76,10.0
24889,87,8.0
24890,1,20.0
24890,5,19.0
24890,7,12.0
24890,9,45.0
24890,10,37.0
24890,11,25.0
24890,12,22.0
24890,13,19.0
24890,18,5.0
24890,19,51.0
24890,20,2.0
24890,21,31.0
24890,22,9.0
24890,23,7.0
24890,25,10.0
24890,26,45.0
24890,27,4.0
24890,28,3.0
24890,30,28.0
24890,31,6.0
24890,32,3.0
24890,33,16.0
24890,36,19.0
24890,37,32.0
24890,38,13.0
24890,42,19.0
24890,44,28.0
24890,45,12.0
24890,46,8.0
24890,47,19.0
24890,49,9.0
24890,60,18.0
24890,62,6.0
24890,64,6.0
24890,66,1.0
24890,69,15.0
24890,70,16.0
24890,71,8.0
24890,74,12.0
24890,75,10.0
24890,76,8.0
24890,78,12.63
24890,87,12.0
25046,1,150.0
25046,3,50.0
25046,5,25.0
25046,7,85.0
25046,9,35.0
25046,10,32.0
25046,11,114.0
25046,12,35.0
25046,13,52.0
25046,18,35.0
25046,19,44.0
25046,20,74.0
25046,21,26.0
25046,22,74.0
25046,23,27.0
25046,25,132.0
25046,27,30.0
25046,28,46.0
25046,30,45.0
25046,31,12.0
25046,32,49.0
25046,33,41.0
25046,36,13.0
25046,37,40.0
25046,38,43.0
25046,42,18.0
25046,44,50.0
25046,45,27.0
25046,46,17.0
25046,47,14.0
25046,48,22.0
25046,49,30.0
25046,60,4.0
25046,61,8.0
25046,62,5.0
25046,64,2.0
25046,66,8.0
25046,67,7.0
25046,68,6.0
25046,70,4.0
25046,71,4.0
25046,73,3.0
25046,74,8.0
25046,75,9.0
25046,76,2.0
25046,79,64.0
25046,86,6.0
25046,87,10.0
25046,100,3.0
25047,1,80.0
25047,2,1.0
25047,3,61.0
25047,5,18.0
25047,7,9.0
25047,9,28.0
25047,10,9.0
25047,11,9.0
25047,12,11.0
25047,13,8.0
25047,18,19.0
25047,19,64.0
25047,20,18.0
25047,21,24.0
25047,22,4.0
25047,23,18.0
25047,25,37.0
25047,27,12.0
25047,28,24.0
25047,30,34.0
25047,31,10.0
25047,32,17.0
25047,33,4.0
25047,36,16.0
25047,37,47.0
25047,38,12.0
25047,42,9.0
25047,44,63.0
25047,45,9.0
25047,46,19.0
25047,47,3.0
25047,48,28.0
25047,49,6.0
25047,60,7.0
25047,61,4.0
25047,62,2.0
25047,64,1.0
25047,66,9.0
25047,67,7.0
25047,68,5.0
25047,69,2.0
25047,70,4.0
25047,71,12.0
25047,73,5.0
25047,74,4.0
25047,75,16.0
25047,76,5.0
25047,78,21.0
25047,79,26.0
25047,86,5.0
25047,87,18.0
25047,100,2.0
25810,1,100.0
25810,2,35.0
25810,3,25.0
25810,5,9.0
25810,7,10.0
25810,10,7.0
25810,11,2.0
25810,12,34.0
25810,13,6.0
25810,18,9.0
25810,19,17.0
25810,20,13.0
25810,21,21.0
25810,22,7.0
25810,23,8.0
25810,25,6.0
25810,27,3.0
25810,28,32.0
25810,30,59.0
25810,31,10.0
25810,32,19.0
25810,33,7.0
25810,36,17.0
25810,37,31.0
25810,38,10.0
25810,44,73.0
25810,45,10.0
25810,46,42.0
25810,47,9.0
25810,48,70.0
25810,61,2.0
25810,62,5.0
25810,64,13.0
25810,66,1.0
25810,67,8.0
25810,68,8.0
25810,69,2.0
25810,70,6.0
25810,71,19.0
25810,73,1.0
25810,74,2.0
25810,75,15.0
25810,79,22.0
25810,86,3.0
25810,87,31.0
25907,1,3056.0
25907,2,766.0
25907,3,857.0
25907,5,195.0
25907,7,212.0
25907,9,491.0
25907,10,338.0
25907,11,625.0
25907,12,404.0
25907,13,328.0
25907,18,281.0
25907,19,203.0
25907,20,685.0
25907,21,153.0
25907,22,336.0
25907,23,122.0
25907,25,488.0
25907,26,120.0
25907,27,513.0
25907,28,340.0
25907,30,85.0
25907,31,300.0
25907,32,522.0
25907,33,53.0
25907,36,413.0
25907,37,184.0
25907,38,86.0
25907,42,89.0
25907,44,175.0
25907,45,467.0
25907,46,75.0
25907,47,349.0
25907,48,192.0
25907,49,117.0
25907,60,171.0
25907,61,52.0
25907,62,65.0
25907,64,287.0
25907,66,76.0
25907,67,54.0
25907,68,62.0
25907,69,49.0
25907,70,32.0
25907,71,60.0
25907,73,54.0
25907,74,144.0
25907,75,114.0
25907,76,148.0
25907,78,120.0
25907,79,693.0
25907,86,39.0
25907,87,30.0
25907,100,45.0
25908,1,3545.0
25908,2,766.0
25908,3,562.0
25908,5,513.0
25908,7,387.0
25908,9,599.0
25908,10,177.0
25908,11,444.0
25908,12,352.0
25908,13,511.0
25908,18,258.0
25908,19,390.0
25908,20,576.0
25908,21,411.0
25908,22,324.0
25908,23,180.0
25908,25,353.0
25908,26,60.0
25908,27,225.0
25908,28,456.0
25908,30,378.0
25908,31,137.0
25908,32,303.0
25908,33,76.0
25908,36,435.0
25908,37,435.0
25908,38,549.0
25908,42,309.0
25908,44,131.0
25908,45,290.0
25908,46,185.0
25908,47,280.0
25908,48,526.0
25908,49,100.0
25908,60,148.0
25908,61,89.0
25908,62,74.0
25908,64,279.0
25908,66,120.0
25908,67,125.0
25908,68,140.0
25908,69,100.0
25908,70,97.0
25908,71,108.0
25908,73,31.0
25908,74,102.0
25908,75,38.0
25908,76,50.0
25908,78,47.14
25908,79,344.0
25908,86,34.0
25908,87,90.0
25908,100,22.0
25930,1,257.0
25930,2,561.0
25930,3,31.0
25930,5,5.0
25930,7,19.0
25930,9,52.0
25930,10,8.0
25930,11,17.0
25930,12,33.0
25930,13,10.0
25930,18,14.0
25930,19,32.0
25930,20,24.0
25930,21,5.0
25930,22,13.0
25930,23,11.0
25930,25,25.0
25930,26,35.0
25930,27,10.0
25930,28,60.0
25930,30,11.0
25930,31,12.0
25930,32,18.0
25930,33,18.0
25930,36,39.0
25930,37,27.0
25930,38,11.0
25930,42,25.0
25930,44,13.0
25930,45,63.0
25930,46,28.0
25930,47,51.0
25930,48,58.0
25930,49,2.0
25930,60,13.0
25930,61,7.0
25930,62,3.0
25930,64,8.0
25930,66,5.0
25930,67,19.0
25930,68,6.0
25930,69,31.0
25930,70,7.0
25930,71,22.0
25930,73,4.0
25930,74,7.0
25930,75,31.0
25930,76,8.0
25930,78,15.0
25930,79,84.0
25930,86,5.0
25930,87,43.0
25930,100,6.0
25937,1,2089.0
25937,2,32.0
25937,3,21.0
25937,5,22.0
25937,7,27.0
25937,9,6.0
25937,10,39.0
25937,11,53.0
25937,13,37.0
25937,18,33.0
25937,19,19.0
25937,20,42.0
25937,21,31.0
25937,22,17.0
25937,23,33.0
25937,25,18.0
25937,27,30.0
25937,28,34.0
25937,30,34.0
25937,31,36.0
25937,32,34.0
25937,33,11.0
25937,36,7.0
25937,37,62.0
25937,38,41.0
25937,42,20.0
25937,45,1.0
25937,46,9.0
25937,47,41.0
25937,48,113.0
25937,64,37.0
25937,66,21.0
25937,71,12.0
25937,73,3.0
25937,79,59.0
25937,87,74.0
25937,303,30.0
25959,1,13.0
25959,2,5.0
25959,3,9.0
25959,5,4.0
25959,7,4.0
25959,9,20.0
25959,10,4.0
25959,11,8.0
25959,12,13.0
25959,13,9.0
25959,18,7.0
25959,19,12.0
25959,20,10.0
25959,21,24.0
25959,22,3.0
25959,23,4.0
25959,25,7.0
25959,27,2.0
25959,28,4.0
25959,30,6.0
25959,31,5.0
25959,32,7.0
25959,33,6.0
25959,36,5.0
25959,37,2.0
25959,38,10.0
25959,42,7.0
25959,45,6.0
25959,46,12.0
25959,47,3.0
25959,48,8.0
25959,64,5.0
25959,66,2.0
25959,79,12.0
26132,1,616.0
26132,2,117.0
26132,3,151.0
26132,5,109.0
26132,7,43.0
26132,9,53.0
26132,10,95.0
26132,11,30.0
26132,12,48.0
26132,13,93.0
26132,18,72.0
26132,19,68.0
26132,20,326.0
26132,21,73.0
26132,22,22.0
26132,23,31.0
26132,25,79.0
26132,27,28.0
26132,28,67.0
26132,30,134.0
26132,31,29.0
26132,32,68.0
26132,33,64.0
26132,36,153.0
26132,37,132.0
26132,38,49.0
26132,42,131.0
26132,44,164.0
26132,45,22.0
26132,46,76.0
26132,47,27.0
26132,48,132.0
26132,49,35.0
26132,60,50.0
26132,62,39.0
26132,64,62.0
26132,66,110.0
26132,68,64.0
26132,69,17.0
26132,73,10.0
26132,74,61.0
26132,75,44.0
26132,76,30.0
26132,78,75.0
26132,79,85.0
26132,87,52.0
26132,100,18.0
26172,1,10.0
26172,2,26.0
26172,3,27.0
26172,5,9.0
26172,7,8.0
26172,9,18.0
26172,10,12.0
26172,11,10.0
26172,12,24.0
26172,13,-6.0
26172,18,4.0
26172,19,19.0
26172,20,38.0
26172,21,18.0
26172,22,38.0
26172,23,5.0
26172,25,50.0
26172,27,11.0
26172,28,1.0
26172,30,6.0
26172,31,13.0
26172,32,28.0
26172,33,9.0
26172,36,34.0
26172,37,12.0
26172,38,3.0
26172,42,6.0
26172,44,12.0
26172,45,19.0
26172,46,9.0
26172,47,14.0
26172,48,28.0
26172,49,7.0
26172,62,7.0
26172,64,28.0
26172,66,6.0
26172,79,52.0
26172,87,5.0
26173,1,30.0
26173,2,10.0
26173,3,34.0
26173,5,21.0
26173,7,13.0
26173,10,21.0
26173,11,20.0
26173,12,30.0
26173,13,63.0
26173,18,47.0
26173,19,16.0
26173,20,62.0
26173,21,15.0
26173,22,5.0
26173,23,17.0
26173,25,13.0
26173,27,14.0
26173,28,11.0
26173,30,9.0
26173,31,21.0
26173,32,24.0
26173,33,30.0
26173,36,27.0
26173,37,13.0
26173,38,35.0
26173,42,10.0
26173,44,29.0
26173,45,25.0
26173,46,10.0
26173,47,20.0
26173,48,60.0
26173,49,15.0
26173,64,32.0
26173,66,22.0
26173,70,5.0
26173,79,24.0
26173,87,8.0
26212,1,119.0
26212,2,143.0
26212,3,81.0
26212,5,64.0
26212,7,82.0
26212,9,158.0
26212,10,54.0
26212,11,90.0
26212,12,226.0
26212,13,22.0
26212,18,26.0
26212,19,31.0
26212,20,28.0
26212,21,149.0
26212,22,61.0
26212,23,39.0
26212,25,15.0
26212,27,199.0
26212,28,445.0
26212,30,73.0
26212,31,9.0
26212,32,12.0
26212,33,18.0
26212,36,102.0
26212,37,75.0
26212,38,89.0
26212,42,117.0
26212,44,97.0
26212,45,81.0
26212,46,318.0
26212,47,45.0
26212,48,12.0
26212,49,13.0
26212,60,19.0
26212,61,67.0
26212,62,13.0
26212,64,3.0
26212,66,13.0
26212,67,93.0
26212,68,41.0
26212,69,8.0
26212,70,31.0
26212,71,53.0
26212,73,18.0
26212,74,1.0
26212,75,45.0
26212,76,7.0
26212,79,125.0
26212,86,11.0
26212,87,23.0
26212,100,21.0
26213,1,34.0
26213,2,21.0
26213,3,8.0
26213,5,7.0
26213,7,7.0
26213,9,10.0
26213,10,7.0
26213,11,9.0
26213,12,17.0
26213,13,13.0
26213,18,15.0
26213,19,8.0
26213,20,21.0
26213,21,14.0
26213,22,10.0
26213,23,20.0
26213,25,19.0
26213,27,3.0
26213,28,33.0
26213,30,2.0
26213,31,6.0
26213,32,2.0
26213,33,12.0
26213,36,27.0
26213,38,7.0
26213,42,20.0
26213,44,13.0
26213,45,5.0
26213,46,10.0
26213,47,18.0
26213,48,12.0
26213,49,14.0
26213,60,28.0
26213,61,36.0
26213,64,12.0
26213,66,12.0
26213,67,10.0
26213,68,8.0
26213,69,4.0
26213,70,12.0
26213,71,23.0
26213,73,6.0
26213,74,10.0
26213,75,24.0
26213,76,6.0
26213,78,45.0
26213,79,17.0
26213,87,9.0
26213,100,3.0
26215,1,21.0
26215,2,19.0
26215,3,21.0
26215,5,3.0
26215,7,7.0
26215,9,1.0
26215,10,3.0
26215,11,1.0
26215,12,9.0
26215,13,10.0
26215,18,6.0
26215,20,8.0
26215,21,4.0
26215,22,2.0
26215,23,5.0
26215,25,17.0
26215,27,10.0
26215,28,6.0
26215,30,12.0
26215,31,4.0
26215,32,15.0
26215,33,5.0
26215,37,12.0
26215,38,8.0
26215,42,6.0
26215,44,5.0
26215,45,8.0
26215,46,4.0
26215,47,4.0
26215,48,24.0
26215,64,7.0
26215,66,7.0
26215,79,23.0
26215,86,3.0
26215,87,5.0
26216,1,84.0
26216,2,24.0
26216,3,6.0
26216,5,6.0
26216,7,4.0
26216,9,48.0
26216,10,12.0
26216,11,7.0
26216,12,21.0
26216,13,14.0
26216,18,46.0
26216,19,12.0
26216,20,19.0
26216,21,14.0
26216,22,10.0
26216,23,16.0
26216,25,17.0
26216,27,9.0
26216,28,27.0
26216,30,4.0
26216,31,4.0
26216,32,3.0
26216,33,24.0
26216,36,23.0
26216,37,25.0
26216,38,6.0
26216,42,7.0
26216,44,10.0
26216,45,19.0
26216,46,33.0
26216,47,23.0
26216,48,18.0
26216,49,13.0
26216,60,12.0
26216,61,12.0
26216,62,11.0
26216,64,17.0
26216,66,16.0
26216,67,3.0
26216,68,16.0
26216,69,5.0
26216,70,16.0
26216,71,12.0
26216,73,4.0
26216,74,18.0
26216,75,22.0
26216,76,13.0
26216,78,45.0
26216,79,23.0
26216,86,3.0
26216,87,13.0
26216,100,2.0
26217,1,327.0
26217,2,195.0
26217,3,132.0
26217,5,263.0
26217,7,73.0
26217,9,42.0
26217,10,91.0
26217,11,152.0
26217,12,848.0
26217,13,131.0
26217,18,225.0
26217,19,154.0
26217,20,184.0
26217,21,98.0
26217,22,93.0
26217,23,24.0
26217,25,212.0
26217,26,72.0
26217,27,179.0
26217,28,141.0
26217,30,73.0
26217,31,66.0
26217,32,7.0
26217,36,392.0
26217,37,12.0
26217,38,42.0
26217,42,41.0
26217,44,123.0
26217,45,263.0
26217,46,37.0
26217,47,93.0
26217,48,17.0
26217,64,98.0
26217,66,36.0
26217,71,33.0
26217,75,48.0
26217,79,376.0
26217,86,47.0
26217,87,122.0
26217,303,300.0
26218,1,208.0
26218,2,440.0
26218,3,246.0
26218,5,26.0
26218,7,35.0
26218,9,185.0
26218,10,106.0
26218,11,170.0
26218,12,97.0
26218,13,61.0
26218,18,407.0
26218,19,75.0
26218,20,129.0
26218,21,77.0
26218,22,47.0
26218,23,133.0
26218,25,120.0
26218,26,456.0
26218,27,169.0
26218,28,234.0
26218,30,92.0
26218,31,249.0
26218,32,165.0
26218,33,69.0
26218,36,317.0
26218,37,18.0
26218,38,32.0
26218,42,103.0
26218,44,89.0
26218,45,228.0
26218,46,139.0
26218,47,59.0
26218,48,45.0
26218,49,6.0
26218,60,60.0
26218,61,70.0
26218,62,17.0
26218,64,45.0
26218,66,15.0
26218,67,31.0
26218,68,63.0
26218,69,25.0
26218,70,20.0
26218,71,57.0
26218,73,19.0
26218,74,64.0
26218,75,52.0
26218,76,17.0
26218,78,63.0
26218,79,287.0
26218,86,56.0
26218,87,83.0
26218,100,29.0
26219,1,122.0
26219,2,199.0
26219,3,117.0
26219,5,76.0
26219,7,21.0
26219,9,66.0
26219,10,105.0
26219,11,47.0
26219,12,359.0
26219,13,10.0
26219,18,20.0
26219,19,186.0
26219,20,94.0
26219,21,118.0
26219,22,21.0
26219,23,66.0
26219,25,144.0
26219,26,120.0
26219,27,57.0
26219,28,66.0
26219,30,155.0
26219,31,72.0
26219,32,19.0
26219,33,13.0
26219,36,74.0
26219,37,36.0
26219,38,11.0
26219,42,59.0
26219,44,53.0
26219,45,80.0
26219,46,32.0
26219,47,57.0
26219,48,35.0
26219,49,54.0
26219,60,109.0
26219,61,25.0
26219,62,49.0
26219,64,78.0
26219,66,21.0
26219,67,37.0
26219,68,57.0
26219,69,26.0
26219,70,5.0
26219,71,44.0
26219,73,9.0
26219,74,71.0
26219,75,25.0
26219,76,24.0
26219,78,33.75
26219,79,263.0
26219,86,62.0
26219,87,85.0
26219,100,30.0
26220,1,131.0
26220,2,227.0
26220,3,73.0
26220,5,31.0
26220,7,5.0
26220,9,12.0
26220,10,11.0
26220,11,22.0
26220,12,84.0
26220,13,3.0
26220,18,4.0
26220,19,36.0
26220,20,59.0
26220,21,42.0
26220,22,18.0
26220,23,17.0
26220,25,40.0
26220,26,189.0
26220,27,7.0
26220,28,58.0
26220,30,11.0
26220,31,17.0
26220,32,41.0
26220,33,15.0
26220,36,85.0
26220,37,4.0
26220,38,7.0
26220,42,12.0
26220,44,21.0
26220,45,56.0
26220,46,66.0
26220,47,15.0
26220,48,69.0
26220,49,19.0
26220,60,28.0
26220,61,7.0
26220,62,10.0
26220,64,34.0
26220,66,21.0
26220,67,12.0
26220,68,21.0
26220,69,9.0
26220,70,14.0
26220,71,31.0
26220,73,11.0
26220,74,9.0
26220,75,18.0
26220,76,18.0
26220,78,61.5
26220,79,119.0
26220,86,11.0
26220,87,84.0
26220,100,5.0
26221,1,58.0
26221,2,34.0
26221,3,41.0
26221,5,13.0
26221,7,19.0
26221,9,18.0
26221,10,31.0
26221,11,19.0
26221,12,44.0
26221,13,10.0
26221,18,10.0
26221,19,45.0
26221,20,33.0
26221,21,52.0
26221,22,19.0
26221,23,24.0
26221,25,43.0
26221,26,70.0
26221,27,7.0
26221,28,88.0
26221,30,51.0
26221,31,14.0
26221,32,23.0
26221,33,24.0
26221,36,35.0
26221,37,21.0
26221,38,7.0
26221,42,21.0
26221,44,54.0
26221,45,31.0
26221,46,68.0
26221,47,7.0
26221,48,44.0
26221,49,7.0
26221,60,16.0
26221,61,2.0
26221,62,3.0
26221,64,18.0
26221,66,25.0
26221,67,1.0
26221,68,7.0
26221,69,3.0
26221,70,17.0
26221,71,21.0
26221,73,3.0
26221,74,14.0
26221,75,32.0
26221,76,6.0
26221,78,52.5
26221,79,42.0
26221,86,5.0
26221,87,112.0
26221,100,8.0
26222,1,218.0
26222,2,76.0
26222,3,60.0
26222,5,326.0
26222,7,409.0
26222,9,80.0
26222,10,90.0
26222,11,139.0
26222,12,384.0
26222,13,80.0
26222,18,72.0
26222,19,162.0
26222,20,171.0
26222,21,67.0
26222,22,37.0
26222,23,77.0
26222,25,130.0
26222,26,168.0
26222,27,96.0
26222,28,110.0
26222,30,110.0
26222,31,65.0
26222,32,16.0
26222,36,227.0
26222,37,8.0
26222,38,21.0
26222,42,92.0
26222,44,81.0
26222,45,194.0
26222,46,87.0
26222,47,125.0
26222,48,39.0
26222,49,22.0
26222,60,75.0
26222,61,40.0
26222,62,79.0
26222,64,103.0
26222,66,52.0
26222,67,26.0
26222,68,57.0
26222,69,12.0
26222,70,5.0
26222,71,31.0
26222,73,15.0
26222,74,58.0
26222,75,4.0
26222,76,29.0
26222,78,124.5
26222,79,287.0
26222,86,37.0
26222,87,95.0
26222,100,15.0
26223,1,474.0
26223,2,408.0
26223,3,136.0
26223,5,71.0
26223,7,37.0
26223,9,132.0
26223,10,78.0
26223,11,106.0
26223,12,413.0
26223,13,25.0
26223,18,66.0
26223,19,174.0
26223,20,111.0
26223,21,182.0
26223,22,31.0
26223,23,54.0
26223,25,176.0
26223,27,114.0
26223,28,100.0
26223,30,280.0
26223,31,44.0
26223,32,234.0
26223,33,16.0
26223,36,388.0
26223,37,37.0
26223,38,30.0
26223,42,104.0
26223,44,98.0
26223,45,106.0
26223,46,66.0
26223,47,39.0
26223,48,90.0
26223,49,44.0
26223,60,91.0
26223,61,39.0
26223,62,53.0
26223,64,105.0
26223,66,42.0
26223,67,60.0
26223,68,63.0
26223,69,25.0
26223,70,65.0
26223,71,47.0
26223,73,14.0
26223,74,43.0
26223,75,52.0
26223,76,37.0
26223,78,91.43
26223,79,240.0
26223,86,65.0
26223,87,97.0
26223,100,38.0
26224,1,125.0
26224,2,228.0
26224,3,93.0
26224,5,143.0
26224,7,28.0
26224,9,10.0
26224,10,81.0
26224,11,70.0
26224,12,137.0
26224,13,18.0
26224,18,80.0
26224,19,17.0
26224,20,62.0
26224,21,42.0
26224,22,50.0
26224,23,76.0
26224,25,106.0
26224,27,62.0
26224,28,75.0
26224,30,157.0
26224,31,96.0
26224,32,46.0
26224,33,10.0
26224,36,109.0
26224,37,13.0
26224,38,42.0
26224,42,21.0
26224,44,65.0
26224,45,385.0
26224,46,147.0
26224,47,19.0
26224,48,91.0
26224,49,34.0
26224,60,35.0
26224,61,47.0
26224,62,32.0
26224,64,58.0
26224,66,25.0
26224,67,16.0
26224,68,35.0
26224,69,22.0
26224,70,41.0
26224,71,62.0
26224,73,31.0
26224,74,51.0
26224,75,42.0
26224,76,61.0
26224,78,97.14
26224,79,289.0
26224,86,86.0
26224,87,61.0
26224,100,34.0
26225,1,99.0
26225,3,157.0
26225,5,1.0
26225,7,28.0
26225,10,32.0
26225,13,44.0
26225,19,92.0
26225,20,1.0
26225,21,55.0
26225,23,23.0
26225,27,180.0
26225,30,38.0
26225,37,78.0
26225,38,79.0
26225,44,129.31
26225,45,95.0
26225,47,65.0
26225,48,26.0
26225,62,12.0
26225,70,7.0
26225,79,16.0
26225,100,7.0
26226,1,183.0
26226,2,84.0
26226,3,86.0
26226,5,72.0
26226,7,61.0
26226,9,40.0
26226,10,73.0
26226,11,70.0
26226,12,64.0
26226,13,34.0
26226,18,78.0
26226,19,74.0
26226,20,246.0
26226,21,127.0
26226,22,55.0
26226,23,20.0
26226,25,126.0
26226,27,26.0
26226,28,124.0
26226,30,97.0
26226,31,31.0
26226,32,71.0
26226,33,67.0
26226,36,144.0
26226,37,56.0
26226,38,12.0
26226,42,154.0
26226,44,60.0
26226,45,26.0
26226,46,117.0
26226,47,65.0
26226,48,105.0
26226,49,2.0
26226,60,66.0
26226,61,31.0
26226,62,21.0
26226,64,65.0
26226,66,51.0
26226,67,29.0
26226,68,44.0
26226,69,25.0
26226,70,14.0
26226,71,26.0
26226,73,21.0
26226,74,18.0
26226,75,6.0
26226,76,35.0
26226,78,54.0
26226,79,185.0
26226,86,16.0
26226,87,76.0
26226,100,5.0
26227,1,4675.0
26227,2,72.0
26227,3,124.0
26227,5,26.0
26227,7,20.0
26227,9,156.0
26227,10,25.0
26227,11,5.0
26227,12,27.0
26227,13,7.0
26227,18,98.0
26227,19,17.0
26227,20,95.0
26227,21,30.0
26227,22,26.0
26227,23,2.0
26227,25,37.0
26227,26,252.0
26227,27,21.0
26227,28,44.0
26227,30,59.0
26227,31,25.0
26227,32,96.0
26227,33,56.0
26227,36,52.0
26227,37,47.0
26227,38,16.0
26227,42,73.0
26227,44,158.0
26227,45,13.0
26227,46,37.0
26227,47,8.0
26227,48,86.0
26227,49,52.0
26227,60,32.0
26227,61,15.0
26227,62,44.0
26227,64,46.0
26227,66,28.0
26227,67,30.0
26227,68,22.0
26227,69,10.0
26227,70,11.0
26227,71,39.0
26227,73,10.0
26227,74,35.0
26227,75,73.0
26227,76,44.0
26227,78,44.29
26227,79,163.0
26227,86,3.0
26227,87,35.0
26227,100,14.0
26228,1,1122.0
26228,2,53.0
26228,3,59.0
26228,5,69.0
26228,7,33.0
26228,9,89.0
26228,10,36.0
26228,11,46.0
26228,12,118.0
26228,13,48.0
26228,18,42.0
26228,19,103.0
26228,20,201.0
26228,21,97.0
26228,22,17.0
26228,23,53.0
26228,25,216.0
26228,26,72.0
26228,27,58.0
26228,28,107.0
26228,30,62.0
26228,31,17.0
26228,32,40.0
26228,33,57.0
26228,36,19.0
26228,37,33.0
26228,38,44.0
26228,42,0.0
26228,44,128.0
26228,45,14.0
26228,46,45.0
26228,47,33.0
26228,48,133.0
26228,49,27.0
26228,60,23.0
26228,61,56.0
26228,62,37.0
26228,64,57.0
26228,66,33.0
26228,67,19.0
26228,68,9.0
26228,69,22.0
26228,70,24.0
26228,71,90.0
26228,73,9.0
26228,74,47.0
26228,75,1.0
26228,76,14.0
26228,78,42.86
26228,79,162.0
26228,86,24.0
26228,87,15.0
26228,100,12.0
26228,302,90.0
26228,303,30.0
26229,1,74.0
26229,2,15.0
26229,3,11.0
26229,5,8.0
26229,7,10.0
26229,9,6.0
26229,10,17.0
26229,11,3.0
26229,12,51.0
26229,13,25.0
26229,18,22.0
26229,19,23.0
26229,20,36.0
26229,21,13.0
26229,22,25.0
26229,23,46.0
26229,25,37.0
26229,27,7.0
26229,28,7.0
26229,30,6.0
26229,31,8.0
26229,32,20.0
26229,33,43.0
26229,36,21.0
26229,37,8.0
26229,38,9.0
26229,42,6.0
26229,44,25.0
26229,45,28.0
26229,46,14.0
26229,47,11.0
26229,48,110.0
26229,64,24.0
26229,66,6.0
26229,79,13.0
26229,87,15.0
26230,1,25.0
26230,2,8.0
26230,3,42.0
26230,5,3.0
26230,7,4.0
26230,9,50.0
26230,10,12.0
26230,11,2.0
26230,12,24.0
26230,13,9.0
26230,18,5.0
26230,19,8.0
26230,20,29.0
26230,21,7.0
26230,22,7.0
26230,23,6.0
26230,25,12.0
26230,27,4.0
26230,28,15.0
26230,30,10.0
26230,31,8.0
26230,32,17.0
26230,33,6.0
26230,36,8.0
26230,37,15.0
26230,38,9.0
26230,42,11.0
26230,44,23.0
26230,45,7.0
26230,46,12.0
26230,47,13.0
26230,48,47.0
26230,64,9.0
26230,66,4.0
26230,79,9.0
26230,87,2.0
26246,1,67.0
26246,2,49.0
26246,3,22.0
26246,5,6.0
26246,7,11.0
26246,10,6.0
26246,11,11.0
26246,12,11.0
26246,13,3.0
26246,18,25.0
26246,19,24.0
26246,20,22.0
26246,21,49.0
26246,22,7.0
26246,23,70.0
26246,25,20.0
26246,26,7.0
26246,27,16.0
26246,28,75.0
26246,30,16.0
26246,31,3.0
26246,32,39.0
26246,33,9.0
26246,36,11.0
26246,37,49.0
26246,38,7.0
26246,42,22.0
26246,44,25.0
26246,45,7.0
26246,46,45.0
26246,47,2.0
26246,48,60.0
26246,49,8.0
26246,60,4.0
26246,61,10.0
26246,62,3.0
26246,64,12.0
26246,66,2.0
26246,67,9.0
26246,68,4.0
26246,69,9.0
26246,70,6.0
26246,71,40.0
26246,73,2.0
26246,74,1.0
26246,75,26.0
26246,76,3.0
26246,78,20.62
26246,79,40.0
26246,86,2.0
26246,87,85.0
26246,100,2.0
26587,1,32.0
26587,2,33.0
26587,3,62.0
26587,5,14.0
26587,7,12.0
26587,9,30.0
26587,10,12.0
26587,11,20.0
26587,12,16.0
26587,13,19.0
26587,18,21.0
26587,19,10.0
26587,20,10.0
26587,21,57.0
26587,22,23.0
26587,23,6.0
26587,25,12.0
26587,27,10.0
26587,28,20.0
26587,30,21.0
26587,31,10.0
26587,32,27.0
26587,33,16.0
26587,36,26.0
26587,37,67.0
26587,38,45.0
26587,42,14.0
26587,44,27.0
26587,45,29.0
26587,46,21.0
26587,47,6.0
26587,48,66.0
26587,49,9.0
26587,60,28.0
26587,64,23.0
26587,66,17.0
26587,76,15.0
26587,78,26.25
26587,79,25.0
26587,87,34.0
26588,1,26.0
26588,2,44.0
26588,3,33.0
26588,5,5.0
26588,7,22.0
26588,9,1.0
26588,10,22.0
26588,11,7.0
26588,12,12.0
26588,13,13.0
26588,18,12.0
26588,19,12.0
26588,20,17.0
26588,21,11.0
26588,22,17.0
26588,23,26.0
26588,25,16.0
26588,27,11.0
26588,28,28.0
26588,30,42.0
26588,31,15.0
26588,32,18.0
26588,33,18.0
26588,36,20.0
26588,37,84.0
26588,38,24.0
26588,42,67.0
26588,44,13.0
26588,45,10.0
26588,46,16.0
26588,47,9.0
26588,48,54.0
26588,66,19.0
26588,79,25.0
26588,87,7.0
26589,1,37.0
26589,2,32.0
26589,3,63.0
26589,5,16.0
26589,7,15.0
26589,9,12.0
26589,10,19.0
26589,11,13.0
26589,12,15.0
26589,13,9.0
26589,18,18.0
26589,19,19.0
26589,20,28.0
26589,21,10.0
26589,22,22.0
26589,23,24.0
26589,25,12.0
26589,27,8.0
26589,28,15.0
26589,30,24.0
26589,31,20.0
26589,32,5.0
26589,33,16.0
26589,36,18.0
26589,37,74.0
26589,38,29.0
26589,42,29.0
26589,44,7.0
26589,45,18.0
26589,46,32.0
26589,47,9.0
26589,48,75.0
26589,64,22.0
26589,66,11.0
26589,71,19.0
26589,73,7.0
26589,79,31.0
26590,1,4.0
26590,5,2.31
26590,7,30.0
26590,10,4.0
26590,13,8.0
26590,18,1.0
26590,19,12.86
26590,22,1.0
26590,23,9.0
26590,30,30.0
26590,38,12.0
26590,44,15.88
26590,48,35.0
26591,1,10.0
26591,3,51.0
26591,11,3.0
26591,13,10.0
26591,18,13.0
26591,19,24.0
26591,20,21.0
26591,21,23.0
26591,22,15.0
26591,25,2.0
26591,30,11.0
26591,31,9.0
26591,32,4.0
26591,33,7.0
26591,37,13.0
26591,38,22.0
26591,48,68.0
26591,64,10.0
26591,79,22.0
26592,1,18.0
26592,13,8.0
26592,38,11.0
26593,1,29.0
26593,13,13.0
26593,38,29.0
26594,1,26.0
26594,2,11.0
26594,3,14.0
26594,5,9.0
26594,7,3.0
26594,10,16.0
26594,11,13.0
26594,12,2.0
26594,13,17.0
26594,18,4.0
26594,19,28.0
26594,20,7.0
26594,21,21.0
26594,22,10.0
26594,25,2.0
26594,27,5.0
26594,28,7.0
26594,30,29.0
26594,31,23.0
26594,32,5.0
26594,36,9.0
26594,37,19.0
26594,38,16.0
26594,42,12.0
26594,44,15.0
26594,45,8.0
26594,47,8.0
26594,48,4.0
26594,49,16.0
26594,60,9.0
26594,64,8.0
26594,67,2.0
26594,69,2.0
26594,71,2.0
26594,73,2.0
26594,75,11.0
26594,78,14.29
26594,79,11.0
26594,86,2.0
26594,100,12.0
26595,1,18.0
26595,13,15.0
26595,38,22.0
27246,1,25.0
27246,13,27.0
27246,38,6.0
27247,1,26.0
27247,13,48.0
27247,38,33.0
27248,1,49.0
27248,13,11.0
27248,38,24.0
27597,1,36.0
27597,2,35.0
27597,3,18.0
27597,5,26.0
27597,7,16.0
27597,10,18.0
27597,11,25.0
27597,12,20.0
27597,13,5.0
27597,18,26.0
27597,19,17.0
27597,20,27.0
27597,21,6.0
27597,22,27.0
27597,23,3.0
27597,25,18.0
27597,27,18.0
27597,28,19.0
27597,30,11.0
27597,31,7.0
27597,32,25.5
27597,33,69.38
27597,36,18.0
27597,37,3.0
27597,38,18.0
27597,42,18.0
27597,44,2.0
27597,45,14.0
27597,46,7.0
27597,47,30.0
27597,48,1.0
27597,64,270.0
27597,66,18.0
27597,79,10.0
27599,1,18.0
27599,2,28.42
27599,3,40.0
27599,5,22.5
27599,7,16.0
27599,10,33.75
27599,11,10.0
27599,12,19.29
27599,13,12.0
27599,18,135.0
27599,19,12.0
27599,20,18.0
27599,21,18.0
27599,22,25.71
27599,23,15.0
27599,25,18.62
27599,27,45.0
27599,28,11.0
27599,30,13.0
27599,31,11.0
27599,32,21.6
27599,36,36.0
27599,37,18.0
27599,38,7.0
27599,42,22.5
27599,44,5.0
27599,45,13.0
27599,46,28.5
27599,47,11.0
27599,48,17.0
27599,64,4.0
27599,66,67.5
27599,79,21.25
27601,1,753.0
27601,2,172.0
27601,3,449.0
27601,5,131.0
27601,7,212.0
27601,9,180.0
27601,10,127.0
27601,11,179.0
27601,12,131.0
27601,13,176.0
27601,18,211.0
27601,19,59.0
27601,20,216.0
27601,21,383.33
27601,22,210.0
27601,23,81.0
27601,25,219.0
27601,27,159.0
27601,28,113.0
27601,30,309.0
27601,31,107.0
27601,32,270.0
27601,33,116.0
27601,36,383.0
27601,37,67.0
27601,38,302.0
27601,42,424.0
27601,44,323.0
27601,45,177.0
27601,46,218.0
27601,47,179.0
27601,64,153.0
27601,66,161.0
27601,79,444.0
27601,87,131.0
27603,1,742.0
27603,2,192.0
27603,3,17.0
27603,5,128.0
27603,7,181.0
27603,9,8.0
27603,10,72.0
27603,11,119.0
27603,12,169.0
27603,13,181.0
27603,18,215.0
27603,19,133.0
27603,20,17.0
27603,21,248.0
27603,22,183.0
27603,23,71.0
27603,25,239.0
27603,27,71.0
27603,28,165.0
27603,30,219.0
27603,31,159.0
27603,32,171.0
27603,33,124.0
27603,36,107.0
27603,37,144.0
27603,38,401.0
27603,42,303.0
27603,44,251.11
27603,45,70.0
27603,46,322.0
27603,47,225.0
27603,48,451.0
27603,64,188.0
27603,66,207.0
27603,79,415.0
27603,87,171.0
27905,1,110.36
27905,2,174.29
27905,3,167.37
27905,5,97.78
27905,7,32.4
27905,9,351.43
27905,10,36.0
27905,11,25.5
27905,12,94.29
27905,13,30.0
27905,18,82.17
27905,19,123.75
27905,20,171.43
27905,22,76.88
27905,23,17.5
27905,25,67.89
27905,27,45.0
27905,28,71.25
27905,30,26.25
27905,31,48.75
27905,32,121.36
27905,33,61.58
27905,36,151.58
27905,37,51.43
27905,38,30.0
27905,42,69.23
27905,44,44.35
27905,45,61.58
27905,47,450.0
27905,48,360.0
27905,64,180.0
27905,66,11.0
27905,69,22.5
27905,79,211.76
27906,1,125.0
27906,2,99.55
27906,3,200.0
27906,5,22.76
27906,7,36.92
27906,9,92.31
27906,10,97.5
27906,11,30.0
27906,12,108.57
27906,13,25.71
27906,18,50.0
27906,19,90.0
27906,20,213.53
27906,22,80.87
27906,23,46.36
27906,25,99.0
27906,28,162.86
27906,30,20.0
27906,31,41.25
27906,32,171.43
27906,33,44.21
27906,36,75.65
27906,37,112.5
27906,38,80.0
27906,42,82.5
27906,44,30.0
27906,45,48.26
27906,47,514.29
27906,48,302.5
27906,64,114.55
27906,79,240.0
50396,302,120.0
50398,1,59.0
50398,2,40.0
50398,3,85.0
50398,5,17.0
50398,7,23.0
50398,9,10.0
50398,10,23.0
50398,11,24.0
50398,12,40.0
50398,13,11.0
50398,18,41.0
50398,19,21.0
50398,20,109.0
50398,21,46.0
50398,22,57.0
50398,23,4.0
50398,25,39.0
50398,27,52.0
50398,28,112.0
50398,30,37.0
50398,31,10.0
50398,32,81.0
50398,33,23.0
50398,36,50.0
50398,37,52.0
50398,38,13.0
50398,42,81.0
50398,44,84.0
50398,45,24.0
50398,46,58.0
50398,47,16.0
50398,48,149.0
50398,49,16.0
50398,60,12.0
50398,61,8.0
50398,62,3.0
50398,64,48.0
50398,66,15.0
50398,67,8.0
50398,68,5.0
50398,69,3.0
50398,70,27.0
50398,71,12.0
50398,73,6.0
50398,74,5.0
50398,75,19.0
50398,76,11.0
50398,78,156.0
50398,79,44.0
50398,87,36.0
50398,100,2.0
50399,1,84.0
50399,2,30.0
50399,3,85.0
50399,5,17.0
50399,7,24.0
50399,9,11.0
50399,10,32.0
50399,11,18.0
50399,12,25.0
50399,13,34.0
50399,18,21.0
50399,19,27.0
50399,20,62.0
50399,21,77.0
50399,22,20.0
50399,23,40.0
50399,25,58.0
50399,27,37.0
50399,28,54.0
50399,30,41.0
50399,31,34.0
50399,32,36.0
50399,33,7.0
50399,36,24.0
50399,37,8.0
50399,38,32.0
50399,42,42.0
50399,44,47.0
50399,45,21.0
50399,46,51.0
50399,47,10.0
50399,48,63.0
50399,49,10.0
50399,60,14.0
50399,61,3.0
50399,62,6.0
50399,64,27.0
50399,66,20.0
50399,67,12.0
50399,68,9.0
50399,69,2.0
50399,70,13.0
50399,71,21.0
50399,73,7.0
50399,74,12.0
50399,75,13.0
50399,76,10.0
50399,78,24.38
50399,79,35.0
50399,86,1.0
50399,87,34.0
50399,100,1.0
57600,1,176.0
57600,2,28.0
57600,3,40.0
57600,5,81.0
57600,7,49.0
57600,9,87.0
57600,10,10.0
57600,11,31.0
57600,12,70.0
57600,18,0.0
57600,19,88.0
57600,20,73.0
57600,21,22.0
57600,23,40.0
57600,25,4.0
57600,27,5.0
57600,28,60.0
57600,31,8.57
57600,32,25.0
57600,33,30.0
57600,36,12.0
57600,37,32.86
57600,38,15.0
57600,42,30.0
57600,45,22.22
57600,46,18.0
57600,47,20.0
57600,48,70.0
57600,64,20.0
57600,79,44.0
